time,type,x,y,z,vx,vy,vz,ax,ay,az,yaw,w1,w2,w3
0.0,cmdFullState,-0.8312746167786011,-2.9735913646584335,3.0023534192142727e-05,1.4098080052005666e-05,1.183512796596789e-06,0.002122162857539599,0.0006643320748417342,5.5770329412419505e-05,0.10000166767914195,0.08375213353786341,-0.00028451030145895667,-0.0001361793547243887,4.52487072101862e-07
0.03333333333333333,cmdFullState,-0.8312734379067831,-2.9735912656872325,0.00020747830203757576,4.6276993973833344e-05,3.885581883039157e-06,0.006966015832280802,0.001144988285898415,9.618512330247725e-05,0.1723461837699928,0.08376709495219506,8.527773280815096e-05,-2.426371349790569e-05,1.0259950395367236e-05
0.06666666666666667,cmdFullState,-0.8312703494198997,-2.9735910061809476,0.0006723374750986317,0.00010239456018077051,8.612367979154472e-06,0.015409219305948178,0.0017137785442623316,0.00014490232128455728,0.2576687718190147,0.0839121193683805,0.00027677284357397093,-0.00036942517706789344,7.34463517072786e-05
0.1,cmdFullState,-0.8312643625251727,-2.9735905007580117,0.0015726762677779743,0.00018252006186284518,1.5482954614327482e-05,0.02742270960960766,0.002312942074054341,0.0002017906536496771,0.34554740962215924,0.08462618265815264,0.0003497092940588755,-0.0006053270099007349,0.0003045943666817147
0.13333333333333333,cmdFullState,-0.831254404670792,-2.973589645173275,0.00306490007070293,0.00028925824569693125,2.5242172097616187e-05,0.04320550249977304,0.00298501282013208,0.00028725492967452586,0.43607762134578504,0.08704466970749096,0.00037970968876592834,-0.0007326061811944605,0.0009264052892410712
0.16666666666666666,cmdFullState,-0.8312392343815096,-2.973588276278995,0.0053142280856029525,0.0004284335346120681,4.015523468940025e-05,0.06297041611096565,0.003846370267440487,0.00045696896269090646,0.5294347888992232,0.09345269687693389,0.00036579971829916465,-0.0007281784690110343,0.0022904911436721067
0.2,cmdFullState,-0.831217280378426,-2.973586072294825,0.00848630983921789,0.0006072320609247687,6.549789187212433e-05,0.08603694035245497,0.0046945173008914026,0.0007813936572031383,0.5618306420808439,0.10744762065263895,3.388850915968469e-05,6.937913834458258e-05,0.004776008643546038
0.23333333333333334,cmdFullState,-0.8311868008916002,-2.9735824087719878,0.012663305829339827,0.0008324398760919709,0.00011094070763288548,0.10997367125006904,0.006073499506011563,0.001428156099481335,0.568591864666816,0.13249101068303076,6.146811285652367e-05,0.00014491032658496452,0.008387722081041044
0.26666666666666666,cmdFullState,-0.8311450767529114,-2.9735760607818253,0.017877536841070425,0.001142714218791654,0.00019531991818028566,0.13467043603709622,0.008598436764103408,0.002623176513984803,0.5757532421518673,0.16929030507904527,0.00010099948648887261,0.00026342631845272045,0.01271109192770602
0.3,cmdFullState,-0.8310872477653782,-2.973564780456969,0.024162602487547875,0.0015999041201005828,0.00034814230976518953,0.160172391753835,0.012838860064695742,0.004638261736506898,0.5832812554027511,0.21426184662731138,0.00015211413810863514,0.000437336583531585,0.016961111123829215
0.3333333333333333,cmdFullState,-0.8310052326379632,-2.9735447832405226,0.031553987516586245,0.002294209944402903,0.0006124329837289983,0.18652314162891986,0.019503549121588557,0.00781099165120688,0.5911096538339039,0.2608643077401833,0.0002107105100090776,0.0006790854031138856,0.02036240201668133
0.36666666666666664,cmdFullState,-0.830886374515291,-2.973510103207068,0.04008913876375691,0.003350964929458386,0.0010479203598657602,0.21376784987713737,0.029447986787236334,0.01254772585982934,0.5991520519340221,0.3030870789292826,0.00027055219731410247,0.0010010785674057227,0.022529339067437735
0.4,cmdFullState,-0.8307134520531392,-2.973452392336785,0.04972582274529215,0.004883924629356399,0.0017141410701090062,0.23982170913268155,0.042959001634861646,0.018993492172922143,0.6023837114148609,0.33754417718558033,0.0003216380432002851,0.0013831137891558056,0.02331907073005445
0.43333333333333335,cmdFullState,-0.8304624769176889,-2.973360150133477,0.06044759670906346,0.00706855338763121,0.002692577824109883,0.2654204055850641,0.060785311113759725,0.027491984162204094,0.603813266916476,0.3639537018409429,0.0003556555491239897,0.0018293564641125848,0.023146216699975873
0.4666666666666667,cmdFullState,-0.8301012280725205,-2.9732180167572944,0.07225701147107859,0.010116746302653341,0.004082402971279079,0.29107017477343533,0.083770787669379,0.03843407501520839,0.604761922442315,0.3835451200212176,0.00037552358738069926,0.0023418217425457337,0.022388173981013233
0.5,cmdFullState,-0.8295881948077357,-2.9730062328676348,0.08515574911305221,0.014262364750967862,0.005994208329573169,0.31674687004457763,0.11261051658512947,0.05214016550929987,0.6050509499271223,0.3978672734232933,0.00038321342049333794,0.0029153649115166804,0.021281594610156683
0.5333333333333333,cmdFullState,-0.8288713283913774,-2.972700064336523,0.09914430105950961,0.019767749830979474,0.008551621630674335,0.3424184188182887,0.1479471589780356,0.06890200393892468,0.604485645866507,0.40829422964112083,0.0003731318400407368,0.003543944551630653,0.019974580771841
0.5666666666666667,cmdFullState,-0.8278868882827113,-2.97226927863556,0.11422161739791908,0.02692094770468174,0.011889816849705682,0.36804415253072,0.19034494513495723,0.08896974536684707,0.6028557338891923,0.41589401016215016,0.0003517601378569032,0.004218392244108962,0.018548345176314936
0.6,cmdFullState,-0.8265584296988431,-2.971677696178685,0.1303847281716754,0.036031820220476095,0.016153470417712847,0.393574157215702,0.24026321935453,0.11253881513767601,0.5999359400393373,0.4214486743513083,0.00032644211330023793,0.004927334715810707,0.01703924018137154
0.6333333333333333,cmdFullState,-0.8247959801293121,-2.9708828402531235,0.14762833768726258,0.04742703041192853,0.02149415944143063,0.41894865275378473,0.29802994824987855,0.13973678821938376,0.5954867741537504,0.4255158698889195,0.00029072465858022477,0.005658339906537982,0.01545480927239405
0.6666666666666666,cmdFullState,-0.8224954524543677,-2.9698357091399594,0.16594439324857133,0.061443910624028264,0.028067207379507842,0.44409741029013866,0.3638156361387731,0.17061051220395335,0.5892555532854866,0.42848940297973853,0.0002474930942825031,0.006397683492554162,0.013784065496459429
0.7,cmdFullState,-0.819538341584553,-2.9684806935843935,0.18532163016775396,0.07842324051946682,0.036027992639371044,0.468939218902818,0.4376081228195119,0.20511371806372306,0.5809777056919792,0.43064716277611187,0.00020436024459965978,0.007124908856422039,0.01200363370073519
0.7333333333333333,cmdFullState,-0.8157917499449286,-2.966755661894658,0.20574509540779742,0.0987009830626473,0.04552774626426917,0.49338141429218496,0.5191887707024326,0.24309537902543304,0.5703783964725294,0.43218596644914653,0.00015534325197933267,0.00782166094994918,0.010081228536879138
0.7666666666666666,cmdFullState,-0.8111087846197241,-2.9645922335984563,0.2271956527917992,0.12259904876856266,0.05670887627575505,0.5173194840605195,0.6081105799385648,0.2842890941894086,0.5571745185066439,0.43324596808280513,0.00010722079889019974,0.008469229714325227,0.007977487792282875
0.8,cmdFullState,-0.8053293654953407,-2.9619162607373797,0.24964947337237417,0.15041518203734877,0.06969986832292822,0.5406367660580096,0.7036788018585567,0.3283037897867529,0.5410770949113693,0.4339274917821382,6.153653702322427e-05,0.00904492154932494,0.00564680082752128
0.8333333333333334,cmdFullState,-0.7982814792344065,-2.9586485335036854,0.27307751529631497,0.1824120882732213,0.08460982506618361,0.5632042582874203,0.8049346527066201,0.37461604723284914,0.5217941418024513,0.43430258598731003,1.5295332418956384e-05,0.00952989711817549,0.003037514748882955
0.8666666666666667,cmdFullState,-0.7897829083239397,-2.9547057239908954,0.2974449983292125,0.21880594670864875,0.1015227201899867,0.5848805609847822,0.9106427613258574,0.42256438340091385,0.4990340427107989,0.43442296127045765,-3.2275401749309776e-05,0.00989505643383178,9.174010933111357e-05
0.9,cmdFullState,-0.7796434577095578,-2.9500015783104576,0.3227108791268217,0.2597544814209911,0.12049145709632193,0.6055119737274178,1.019283016122944,0.4713458248047694,0.4725094885724134,0.4343254609569176,-8.49141912637e-05,0.010115542821780532,-0.0032551197180423785
0.9333333333333333,cmdFullState,-0.7676676935980279,-2.944448363192028,0.3488273343591773,0.30534479193945313,0.1415318371779441,0.624932772763537,1.1290475083117635,0.5200151336454402,0.4419420397765997,0.43403584292993885,-0.00013732747585688902,0.01016459518743036,-0.007075050490909667
0.9666666666666667,cmdFullState,-0.7536581998252321,-2.9379585684054015,0.3757392599144206,0.35558117509505116,0.16461655810839523,0.6429656962094905,1.2378433001071942,0.5674870599416109,0.4070673693239466,0.4335713951081349,-0.00019431753653821688,0.010021207692310788,-0.011448291921108406
1.0,cmdFullState,-0.737419346688766,-2.93044686088847,0.4033837956366494,0.4103732013653912,0.18966937881394028,0.6594226673215555,1.3433017782118815,0.6125420102294192,0.36764124871223175,0.4329427341263221,-0.0002600981862013733,0.009654042098945508,-0.016464380597523438
1.0333333333333332,cmdFullState,-0.7187615552768486,-2.921832280308517,0.43168988639043204,0.46952434190937664,0.21655960471111224,0.6741057887188523,1.4427953846104238,0.6538355395824865,0.32344634073506784,0.4321550204477378,-0.00033344775479913867,0.009050698812118467,-0.02222338287025886
1.0666666666666667,cmdFullState,-0.6975060270309389,-2.9120406588943664,0.4605778916985988,0.5327214767745411,0.2450970644024574,0.6868086432126601,1.533462548357031,0.6899120899685254,0.27429986594478023,0.43120874452571584,-0.00042150344527570183,0.008197352929883137,-0.028837342666102696
1.1,cmdFullState,-0.6734898935013833,-2.9010072407250806,0.48995925777412574,0.5995256503914947,0.2750277673223139,0.6973179397849931,1.6122416737143226,0.7192234142242968,0.22006221209766597,0.43010018468315925,-0.0005269153212812393,0.007086534621424019,-0.036431980964668084
1.1333333333333333,cmdFullState,-0.6465717249364982,-2.8886794672177665,0.5197362674660112,0.6693644774460266,0.3060304508140626,0.7054155462558398,1.6759150716725517,0.7401521411961214,0.16064655846645443,0.428821599283567,-0.0006344505378644174,0.005720389345782466,-0.04514869548046894
1.1666666666666667,cmdFullState,-0.6166373184286671,-2.87501988629327,0.5498018854676148,0.7415266405396741,0.3377142448002424,0.7108809532839413,1.7211637535501478,0.7510409538585852,0.09602958947145812,0.4273611875448876,-0.000759368208652549,0.004084479603052287,-0.05514692190956448
1.2,cmdFullState,-0.5836056667692664,-2.8600091325848562,0.5800397180986219,0.8151589607140992,0.369617702577231,0.7134942175603937,1.744634037048105,0.7502278684895115,0.02626337464855988,0.42570283080452453,-0.0008955267522881435,0.0021735514475669,-0.06660693251864853
1.2333333333333334,cmdFullState,-0.5474349878804465,-2.8436489150620443,0.6103241090732238,0.8892665629233517,0.40120946732685103,0.7130394353777103,1.7430169468023342,0.7360881192447066,-0.04851150546113675,0.42382560604271863,-0.0010510926804981962,1.4414658841564861e-05,-0.07973316413626365
1.2666666666666666,cmdFullState,-0.508128671638957,-2.825964936540315,0.6405203949119066,0.9627167008911074,0.431890865688283,0.7093088011892617,1.7131414231497275,0.7070831687414139,-0.1280515053485145,0.42170304338782877,-0.0012301093935724113,-0.002381986275715428,-0.09475818545597108
1.3,cmdFullState,-0.46574097602825326,-2.80700965670814,0.670485346047021,1.0342468494871877,0.4610007421750274,0.7021073093152349,1.652082384495305,0.661817381524862,-0.21199424778235376,0.4193020766107672,-0.0014259294531539376,-0.005016630124811668,-0.11194743165181129
1.3333333333333333,cmdFullState,-0.420382277792996,-2.786864796496373,0.7000678222176995,1.102477717799136,0.4878228713533823,0.6912581606014131,1.5572847203394056,0.599102913557696,-0.29984115697912445,0.4165816073766161,-0.0016545317749006975,-0.007858291368545932,-0.13160484928234506
1.3666666666666667,cmdFullState,-0.372223654067717,-2.765643466812198,0.7291096734523279,1.165931882460343,0.511596308520985,0.6766089395961681,1.4267043236955237,0.518033387137548,-0.3909385018451838,0.4134905665632637,-0.0019121760864024547,-0.010910089941289947,-0.15407959897812526
1.4,cmdFullState,-0.3215005407518077,-2.7434917888312884,0.7574469208012586,1.2230587885261295,0.5315290641363815,0.6580386316790984,1.258967303301,0.4180669369134111,-0.4844567568732179,0.4099653041855702,-0.002182114509001105,-0.014133120434060446,-0.1797739422982615
1.4333333333333333,cmdFullState,-0.26851518064904245,-2.720589856158206,0.7849112540134301,1.2722669142634093,0.5468155124533808,0.6354655535517064,1.0535485476943693,0.2991192289369335,-0.5793681857081152,0.4059260660841304,-0.00247615525507152,-0.017496571343177395,-0.20915236186229355
1.4666666666666666,cmdFullState,-0.21363753952452647,-2.697151871197164,0.8113318865526413,1.3119639466379456,0.5566579707070823,0.6088562745864221,0.8109708449048433,0.16166707095015734,-0.6744225498307888,0.4012722099712885,-0.00280149459802108,-0.020921597773123562,-0.24275176955108538
1.5,cmdFullState,-0.15730433119819986,-2.673425268993711,0.8365378117270272,1.3406058660458737,0.5602929117819512,0.5782356107251212,0.5330257931709268,0.006863248376698605,-0.7681208422417882,0.39587566046836076,-0.0031260843666274063,-0.024266591382274404,-0.28119222508393876
1.5333333333333332,cmdFullState,-0.10001575353478187,-2.6496886215833957,0.8603605072634581,1.3567558919430738,0.5570223005661605,0.543697776922066,0.2230177697768898,-0.16333676325124075,-0.858686943459892,0.3895718813508697,-0.003454940493808806,-0.02747044642529924,-0.3251866743981973
1.5666666666666667,cmdFullState,-0.04232949564825372,-2.626248094486763,0.8826371394017127,1.3591542954770806,0.5462505721606183,0.5054187885389142,-0.11396774323266079,-0.34603554243218215,-0.9440370945841985,0.3821473267665257,-0.003805381107089897,-0.030295168346596773,-0.3755463356586169
1.6,cmdFullState,0.015148467242406705,-2.6034322043917526,0.9032143215160247,1.3468001410216097,0.527527798765637,0.46367020662109953,-0.47077014602820155,-0.5372412391377253,-1.0217470796015482,0.37332189632412277,-0.00418467821602341,-0.032427489033475275,-0.4331745159175068
1.6333333333333333,cmdFullState,0.07177682114754813,-2.581584603235493,0.9219524863985609,1.3190460756533664,0.5005996214131111,0.4188343266154741,-0.8378326585571416,-0.7317011660292283,-1.089017006554485,0.3627243648028723,-0.004457659883751642,-0.03350630121016469,-0.49903378777234925
1.6666666666666667,cmdFullState,0.1268961814042785,-2.561054588808251,0.9387309356652042,1.2757073440946451,0.4654645527473312,0.37142091482863154,-1.2028528149170947,-0.9227207476547047,-1.1426335746182525,0.349858206447572,-0.004673118154463823,-0.03309711369340495,-0.5740553559876022
1.7,cmdFullState,0.17985131135253268,-2.542185015623629,0.9534536342732994,1.217186266473349,0.4224392877831491,0.32208560177380197,-1.5504030890936606,-1.101967095566307,-1.1789297115686952,0.33405519120173477,-0.0046077520444874134,-0.030752769279180033,-0.6589263385128398
1.7333333333333334,cmdFullState,0.23001897521560638,-2.525297252101706,0.9660558228783954,1.144613477424299,0.3722326909862013,0.2716500465116023,-1.8615201949445153,-1.2592564610334822,-1.1937414635561878,0.3144162486653306,-0.0040835898407565385,-0.02604039695027159,-0.7536228418567485
1.7666666666666666,cmdFullState,0.2768421652461397,-2.5106728010663706,0.9765115257071193,1.0600072875723376,0.3160291601261859,0.22112399115627185,-2.1132615716397125,-1.3823248007612041,-1.1823620165342408,0.2897482762681287,-0.002911341848766497,-0.018580141049023304,-0.8564206018637841
1.8,cmdFullState,0.3198715023156014,-2.4985311701353368,0.984842036790755,0.9664525922984742,0.25558210015087796,0.17172932989429654,-2.2782275340966764,-1.4565806747575567,-1.139492726124488,0.2585353398233425,-0.0006527284841617371,-0.008184147378197549,-0.9618592036489323
1.8333333333333333,cmdFullState,0.35881467098137565,-2.4890035467518943,0.991125472793506,0.8683008178953677,0.1933182738155742,0.12492632214653729,-2.324047536276663,-1.4648396792292873,-1.0591910301333174,0.21906678657098083,0.003202337965884203,0.005219444419645276,-1.0567396246482947
1.8666666666666667,cmdFullState,0.3935948147176028,-2.4821017993421073,0.9955074862854183,0.7713924617677154,0.1324538299800494,0.08244208489813414,-2.212828963537852,-1.3870396011185937,-0.9348151153686522,0.17004917506319145,0.00930281245713656,0.021435717873625682,-1.1129982994217946
1.9,cmdFullState,0.4244188845010782,-2.4776822913505847,0.9982132391571444,0.6833038512265998,0.077122845352817,0.04630150472253254,-1.9005668385686454,-1.1999354646289648,-0.7589652078387181,0.11239192380725517,0.018395786397999426,0.04036473766440149,-1.0778847628861976
1.9333333333333333,cmdFullState,0.451857004358765,-2.4754039586827923,0.999560741956782,0.6136198146646266,0.03251925102059363,0.018860715637020888,-1.3365127937531374,-0.8767736238224877,-0.5234213528480074,0.05294623389211264,0.03121680765687187,0.062303195364529294,-0.8699590759510845
1.9666666666666666,cmdFullState,0.47693399086594246,-2.4746800633329236,0.9999756712525171,0.5742340294806194,0.0050530513492742495,0.00284329464710753,-0.46250163114902054,-0.3869440391055324,-0.21907754893891934,0.008799410467798786,0.04842199618840299,0.08809577965364501,-0.4065254210906064
2.0,cmdFullState,0.5012114475457738,-2.4746353655035658,0.9999980049513786,0.5756192129048889,0.0003194952820650468,-0.0003508776761293235,0.2998401084582183,0.039884548468599096,-0.04112724164130131,0.0005550461869454642,0.005597699721109975,0.007865775602238122,0.041439893483576885
2.033333333333333,cmdFullState,0.5259599484168876,-2.4745559295289725,0.9999154994674548,0.5916902359173257,0.004130702389709015,-0.0042543784875934245,0.4566265920561043,0.139817819199711,-0.14252835206085196,0.006981077318641543,0.005996022062299012,0.008334711694664878,0.14011299743688796
2.0666666666666664,cmdFullState,0.5515301157196119,-2.4742245901764566,0.9995765857283424,0.6142952388437264,0.012191327559827193,-0.012417183059728533,0.60739284938258,0.23998076360731896,-0.24164205803791022,0.019843434535952238,0.006272915805549897,0.008758879424565762,0.22976920065197787
2.1,cmdFullState,0.5781932304918121,-2.473461046233933,0.9988028947394718,0.643134967205141,0.02449243544313069,-0.024717550936631954,0.7500732918158061,0.3394882127398432,-0.33730282494319064,0.038064491085109196,0.006619411165782643,0.008934908929914219,0.3080942573053701
2.1333333333333333,cmdFullState,0.6062060051541956,-2.4720861811641495,0.9974222802753909,0.6778220417041364,0.04098695526196259,-0.04098386951191757,0.8825838902722087,0.4374293053618217,-0.4283276869752203,0.060395068963711544,0.006884760150867053,0.009182490513041786,0.37396718383039695
2.1666666666666665,cmdFullState,0.6358068321665726,-2.469923702995591,0.995270948388855,0.7178805706390589,0.06158872094621486,-0.060994121839282184,1.0028410897427857,0.5328737513013978,-0.5135261924078377,0.0855828707515255,0.006898523278684941,0.008991012038317632,0.42734570079504924
2.2,cmdFullState,0.6672120338115692,-2.466801819112038,0.992195600257298,0.7627466035034728,0.0861717912490122,-0.08447579730239493,1.1087825454743483,0.6248787659691615,-0.5917113334942048,0.11249864018916021,0.006852914184480376,0.008382322484815467,0.4690392111934625
2.2333333333333334,cmdFullState,0.7006121504712864,-2.4625549334446712,0.988055568671395,0.8117695046675261,0.11457007892341564,-0.11110628779516417,1.1983897554864837,0.7124967041505879,-0.6617115016302954,0.14021014480253108,0.0066420918895116,0.0075816193814180295,0.5004365711240559
2.2666666666666666,cmdFullState,0.7361683081786551,-2.457025352310884,0.9827249266234163,0.8642143292340667,0.1465773192439121,-0.14051381380086583,1.2697126653392823,0.7947834216349277,-0.7223835090463511,0.16800875536597223,0.006296456039722339,0.006296166681116938,0.523246031926996
2.3,cmdFullState,0.7740087097782431,-2.450064983832747,0.9760945445317246,0.9192652864103859,0.18194740937852819,-0.17227892652430307,1.3208963222911965,0.8708073937040673,-0.7726267189603465,0.19540148684259648,0.005865110166019385,0.0046649561736185775,0.5392839811801003
2.3333333333333335,cmdFullState,0.8142252977232391,-2.441537014504603,0.968074070640877,0.9760303790364523,0.22039515135902227,-0.20593663402509083,1.3502096572106723,0.9396596199654917,-0.8113983267930517,0.2220830666606643,0.005401616969704819,0.0027742210981828988,0.5503266704217473
2.3666666666666667,cmdFullState,0.8568623969896623,-2.4313196314936496,0.9585957290513228,1.0327817621168247,0.2613984291538863,-0.24079655091864366,1.308202824893752,0.9873770194176404,-0.8258024906220222,0.2478954175615491,0.00398163333492586,-0.005182371256383141,0.5576133394999463
2.4,cmdFullState,0.9018507481124938,-2.419326359419419,0.9476329349589401,1.0865292371804482,0.30393789969487606,-0.2757292986579442,1.2188170997107792,1.0140428467494524,-0.8168248779350734,0.2727609403531064,0.0029433286959955787,-0.008496408937609962,0.5617007295704795
2.433333333333333,cmdFullState,0.9490296620865808,-2.405509262905323,0.9352018280568896,1.1357692686922984,0.34720528859780714,-0.30983960615415845,1.0960480289060652,1.0215656492439156,-0.7870998928412062,0.2966784156023768,0.001995679192470409,-0.011745259043582288,0.5638830429808855
2.466666666666667,cmdFullState,0.9981783031006757,-2.3898548439700322,0.9213558494428288,1.1791256139891382,0.39037828068572894,-0.34225906759218344,0.9420293588116995,1.0095873886363058,-0.7373290058896407,0.31971611980028397,0.0011386754730461212,-0.014801577966761745,0.5652957896739629
2.5,cmdFullState,1.0490197295795043,-2.372384640870141,0.9061844402088496,1.2153395181130835,0.4326325929362894,-0.37216490999899926,0.7601409824213099,0.9783689832598879,-0.6689503891971872,0.34198935031444094,0.0003239496137020234,-0.017585356313374472,0.5668655946641954
2.533333333333333,cmdFullState,1.1012186540807511,-2.3531579242214797,0.8898131262538034,1.2431200075900404,0.47308685630142117,-0.3987430391294026,0.554709692220378,0.9284699392120735,-0.5838919975187696,0.3636398462690982,-0.0002940573594876883,-0.0199630358107415,0.5692238777787583
2.5666666666666664,cmdFullState,1.154394537292468,-2.3322691474514663,0.8723986091290925,1.262340049491404,0.5112721558384923,-0.4215889365640287,0.3945497848509724,0.8878172246145895,-0.5064864480275494,0.3848259062632896,8.491670011175206e-05,-0.014880039060301317,0.5732422433280023
2.6,cmdFullState,1.208229822067775,-2.309803533504856,0.8540899745835959,1.2745132155800296,0.5475172991529773,-0.4409688905408562,0.23303182837935457,0.842805727329228,-0.4249069164208318,0.4057514342361377,2.7326942777421566e-05,-0.015844557386874257,0.5802520216749415
2.6333333333333333,cmdFullState,1.2624174234852685,-2.2858507633313727,0.8350404148735598,1.2792816006671637,0.5815031649101826,-0.45661452446282347,0.06430698399517165,0.7911980201980353,-0.33787543536671677,0.42663496153460495,2.0314789755919874e-05,-0.016508639005407427,0.590556415049631
2.6666666666666665,cmdFullState,1.3166552586151483,-2.260504645304726,0.815406626493484,1.27681761400076,0.6131639162286993,-0.4684774302378353,-0.10907339688309355,0.7344731600941378,-0.2469839735503053,0.44770548516425385,5.504308278617682e-05,-0.016907713941932558,0.6045900644894103
2.7,cmdFullState,1.3706414358729229,-2.233863845798328,0.7953489499514189,1.267172007264665,0.6424083616425948,-0.4764992076182067,-0.2849684789356815,0.6737136619422359,-0.1535057286691795,0.4692018771605221,9.793309760607472e-05,-0.017000954185906744,0.6226594916162055
2.7333333333333334,cmdFullState,1.4240674166974399,-2.206034957056484,0.7750329818337873,1.2502322607492549,0.6690657756475853,-0.48057975975614636,-0.46130368273219585,0.6096709877718879,-0.0585569811763993,0.4913730945933454,0.000254833682483348,-0.01675955263193545,0.6449308004090164
2.7666666666666666,cmdFullState,1.4766401132790525,-2.1771209274895953,0.7546204397628797,1.2263976719672955,0.693246252775473,-0.48083398228561847,-0.6364795204640834,0.5434621617022976,0.036789285491552526,0.5144914555749747,0.00040381245385722706,-0.01632270089727594,0.6717925832103216
2.8,cmdFullState,1.5280741266456181,-2.147223796248901,0.7342711518245238,1.1958802272014615,0.714987387887006,-0.4773249596783361,-0.8090659960402993,0.47583514885543793,0.13167279537146986,0.5388558415139405,0.0005790995275662685,-0.015622911219654092,0.7035315741229823
2.8333333333333335,cmdFullState,1.5780808015069172,-2.11645111481185,0.7141469244743333,1.1586407402611905,0.7341690226594086,-0.470024744879762,-0.9772648570211943,0.40725361300117585,0.22520008475247436,0.5647931047140917,0.0008008620801275764,-0.014621974263569733,0.7402458830352339
2.8666666666666667,cmdFullState,1.626391144757083,-2.084902465008199,0.6944020189486031,1.1151651405846952,0.7509960509025418,-0.45912682699725776,-1.1400379918674766,0.3385048237537937,0.3166501572081317,0.592676716977084,0.0010156129024235143,-0.013557644011869062,0.782316230634313
2.9,cmdFullState,1.672745181704416,-2.052675104816973,0.6751869048447262,1.065694288617358,0.7655340736250574,-0.44473603510854565,-1.296024845269431,0.2700996881823014,0.40528379013411786,0.6229309405353135,0.0011223082370934699,-0.012410853856291938,0.8299297644309349
2.933333333333333,cmdFullState,1.7168632059310984,-2.019886483893376,0.656660161656288,1.0098364321782773,0.7773118142059348,-0.42669194789868425,-1.4416462077886292,0.20230080450051044,0.48958341394759003,0.6560156714691826,0.001212519057065446,-0.011022413102496307,0.8825268243453586
2.966666666666667,cmdFullState,1.758386449449653,-1.9867331131686579,0.6390143562745073,0.9459392766890965,0.784469927721974,-0.40427828073707955,-1.566675289039043,0.13543547448331195,0.5653799765799881,0.6923547787146754,0.0010447225922055993,-0.0096446237209777,0.937429769193585
3.0,cmdFullState,1.7970900272506207,-1.9533353151493429,0.6223858425533784,0.8770882839338217,0.7888510766071284,-0.3788110234865368,-1.674700220437936,0.07158787042889468,0.6332677469362041,0.7324821711933465,0.0007981044787620735,-0.008176677612809907,0.995820550201452
3.033333333333333,cmdFullState,1.8327796857028331,-1.9198079761921718,0.6068967274007001,0.8040536679956539,0.7906015929216433,-0.3506522181148072,-1.7634352341204997,0.011618007266620371,0.6920041493786874,0.7769626373452163,0.00038913019882294824,-0.006631555979574942,1.056540065968652
3.0666666666666664,cmdFullState,1.8652959201494572,-1.8862589972680108,0.5926526323948138,0.7277026577438669,0.7899043103170585,-0.3202166451951275,-1.8305945622219424,-0.04361410007411543,0.740346608269893,0.826361902989687,-0.00025764659039095877,-0.0051997686452330055,1.117777009206322
3.1,cmdFullState,1.8945180925040388,-1.8527877447257604,0.5797404554013407,0.648999496833806,0.7869785640362069,-0.28797182390622134,-1.873892436877461,-0.09324843666393719,0.7770525479722727,0.8811912441596532,-0.0010607361220376576,-0.0037357630897369215,1.1768378410971745
3.1333333333333333,cmdFullState,1.9203685488465454,-1.8194835010562662,0.5682261321899215,0.5690054437068908,0.7820801909132155,-0.25443801203229943,-1.8910430902222521,-0.13642498757346808,0.8008793928482774,0.9418162040350229,-0.002073345269401094,-0.0022969290958619643,1.2299028972605348
3.1666666666666665,cmdFullState,1.9428167370194118,-1.7864239156562265,0.5581523980509526,0.488878771590611,0.7755015293735041,-0.22018820596305821,-1.8797607543915131,-0.17228373787333293,0.8105845672603588,1.0083208801027674,-0.0033016753156494176,-0.0009360939040326196,1.2718329924245992
3.2,cmdFullState,1.9618833242235811,-1.7536734555921036,0.5495365494123261,0.4098747684985311,0.7675714194337865,-0.18584814069368133,-1.8377596615204408,-0.19996467263415532,0.804925495570968,1.0803285975727779,-0.004762304083035793,0.00039780597357138333,1.2961404793507907
3.2333333333333334,cmdFullState,1.9776443146145504,-1.7212818563640326,0.5423682054561667,0.33334573723028654,0.7586552027020691,-0.1520962898248387,-1.7627540437442313,-0.21860777692655955,0.7826596021425565,1.1568003745080884,-0.006476335273080852,0.001634128376741929,1.295273181705104
3.2666666666666666,cmdFullState,1.9902351668984128,-1.6892825726697314,0.5366070697355705,0.26074099537158757,0.7491547223776528,-0.11966386556268756,-1.6524581331980832,-0.2273530358211692,0.7425443113375756,1.235862501559975,-0.008517565312318936,0.002768387018690123,1.2613219865795409
3.3,cmdFullState,1.9998549119279025,-1.6576912291684087,0.5321806917913428,0.19360687529421491,0.739508323251131,-0.08933481871887092,-1.5045861620171934,-0.2253404343886085,0.6833370475184768,1.3147384327658571,-0.010930178563284059,0.003870979807810633,1.187094973139176
3.3333333333333335,cmdFullState,2.0067702702984374,-1.6265040712446748,0.5289822287687364,0.13358672415602205,0.730190851704391,-0.06194583871051847,-1.3168523623367565,-0.21170995769950152,0.6037952350477107,1.3898496880137627,-0.013616033338024962,0.004804239233735427,1.0672316660909278
3.3666666666666667,cmdFullState,2.0113197699441634,-1.5956964157724516,0.5268682070341897,0.08242090390093665,0.7217136557106133,-0.038386353560247236,-1.0869709662919735,-0.18560159082447225,0.5026762982877301,1.457087282307782,-0.016683033834624474,0.005664777509058039,0.8988507464824828
3.4,cmdFullState,2.0139178637339965,-1.5652211018788806,0.5256562837920651,0.04194679125895736,0.7146245848342717,-0.019598529896159896,-0.8126562060180397,-0.14615531883414487,0.3787376616009858,1.5121659398942828,-0.020189553114440536,0.006651794692560315,0.6813757781258039
3.433333333333333,cmdFullState,2.0150590470676693,-1.5350069417082337,0.5251230087013865,0.01409877774615596,0.7095079902311339,-0.006577272951846374,-0.4916223136501523,-0.09251112679914332,0.23073674934992916,1.550927738031409,-0.024025712577859983,0.007274579241921732,0.41567573715245726
3.466666666666667,cmdFullState,2.015321975471771,-1.5049571711858212,0.5250015854925785,0.0009082696646769082,0.7069847246482605,-0.00037022656638277974,-0.12158352132350553,-0.02380899979009121,0.05743098589701008,1.5695116184648312,-0.028248238812922873,0.008477547178930392,0.10318127495008679
3.5,cmdFullState,2.0152731120492122,-1.4749220690701232,0.525,-0.005653223642499006,0.7102861325265782,0.0,-0.38400978504962197,0.2290331459623408,0.0,1.5787552380233172,0.04364470581373912,0.024067945985390797,0.32441269141842116
3.533333333333333,cmdFullState,2.0145350352401645,-1.444479644968778,0.525,-0.03259025175519986,0.7262451162294465,0.0,-0.873724924399062,0.5148846313615583,0.0,1.6156412435353154,0.037377717210992575,0.021346731065704474,0.7213304753035104
3.5666666666666664,cmdFullState,2.012233225888446,-1.413116819573819,0.525,-0.0788588254320569,0.7533220564889549,0.0,-1.2954877057041374,0.7533398559238945,0.0,1.675097871786078,0.031223560926484314,0.018842697206074843,1.0271329464517542
3.6,cmdFullState,2.007607435340201,-1.3804036727062354,0.525,-0.1416430722056699,0.7895569838868006,0.0,-1.6525131580908352,0.9468335617780594,0.0,1.748303800039795,0.025483670819632882,0.01628545147954221,1.2387900447448972
3.6333333333333333,cmdFullState,2.0000140331570684,-1.3459912781385002,0.525,-0.2182635750062673,0.8330932667015654,0.0,-1.9480163106851531,1.0978004910527688,0.0,1.8270291255161788,0.020028841921291177,0.01374860325292003,1.3634314371020335
3.6666666666666665,cmdFullState,1.9889202155432875,-1.3096073176353886,0.525,-0.30617737216170526,0.8821776109087145,0.0,-2.185212192613087,1.2086753858767374,0.0,1.9048585088859908,0.015147781973675651,0.010884237959188189,1.415986954980423
3.6999999999999997,cmdFullState,1.9738982137728023,-1.2710516949947956,0.525,-0.4029779573974648,0.9351600601805957,0.0,-2.3673158330006276,1.281892988378677,0.0,1.9776694662145813,0.01101329517213547,0.007721601942914983,1.4148439438775855
3.7333333333333334,cmdFullState,1.9546195026163669,-1.2301921500885515,0.525,-0.5063952798366567,0.9904939958864413,0.0,-2.4975422609737703,1.3198880406873026,0.0,2.0434075590891254,0.0074964014247136885,0.004461817719151122,1.3776466018039655
3.7666666666666666,cmdFullState,1.9308490087686516,-1.1869598729032407,0.525,-0.6142957440000191,1.0467361370923673,0.0,-2.579106505658512,1.325095284931328,0.0,2.1015038408113806,0.004725007922839272,0.0010744461399208492,1.3188387795727754
3.8,cmdFullState,1.9024393192753484,-1.1413451175810188,0.525,-0.7246822098059154,1.1025465405613721,0.0,-2.615223596180842,1.2999494632394673,0.0,2.152272551419801,0.002597665373195143,-0.002273824527586414,1.2490211016985997
3.8333333333333335,cmdFullState,1.8693248899602746,-1.093392816460428,0.525,-0.8356939925703376,1.1566886007533383,0.0,-2.6091085616667566,1.2468853177404342,0.0,2.1964562181751677,0.0010621184918539726,-0.00545457264912343,1.175387430808603
3.8666666666666667,cmdFullState,1.8315303336166628,-1.0432161814919916,0.525,-0.9452369583457515,1.2075878551415065,0.0,-2.5622000279845216,1.1675496936216638,0.0,2.234928865023732,1.1933416950159156e-05,-0.008380884821861546,1.1021714644646547
3.9,cmdFullState,1.7891720189763898,-0.9909951529449285,0.525,-1.0511862194431083,1.2537138461671884,0.0,-2.476313096662378,1.0639721721968298,0.0,2.2685512975282656,-0.0007374904821999956,-0.011045437200122405,1.0319197015266786
3.933333333333333,cmdFullState,1.7424490838306317,-0.9369631913478407,0.525,-1.1516603653672297,1.2938658063223396,0.0,-2.3547684655370857,0.9390485165030267,0.0,2.298110677501301,-0.0011756346333408733,-0.013470795582653386,0.966244539255494
3.966666666666667,cmdFullState,1.691623690091744,-0.881386292469552,0.525,-1.2452798505314104,1.3273544623451488,0.0,-2.2025690214518034,0.7964337860339616,0.0,2.324302361850558,-0.0012405530698017463,-0.01550822803343602,0.9062312590553563
4.0,cmdFullState,1.637014229700494,-0.8245598787580113,0.525,-1.330819416729201,1.3535605866160265,0.0,-2.024423833083349,0.6396213532346439,0.0,2.3477230271938114,-0.0013941600308518276,-0.017283783404714287,0.8523493526609147
4.033333333333333,cmdFullState,1.578995289432101,-0.7668113008766632,0.525,-1.407042574936903,1.3718020144145766,0.0,-1.8244833495797443,0.4719283460458185,0.0,2.368875541747563,-0.0015078602692321593,-0.01889514303605268,0.8046176998519005
4.066666666666666,cmdFullState,1.5179659964658316,-0.7084706227841213,0.525,-1.4734904009602712,1.3820931652147235,0.0,-1.6083048601205934,0.2969847098603115,0.0,2.388190067698232,-0.001277923582197177,-0.020304247738655606,0.7631723063025542
4.1,cmdFullState,1.454348370975672,-0.6498735459628202,0.525,-1.5297204068440817,1.3843680363367359,0.0,-1.3803984226978174,0.11789043210511439,0.0,2.4060323762459848,-0.0012793476013850246,-0.021421236898772553,0.7278757459959704
4.133333333333333,cmdFullState,1.3885899905922456,-0.5913659927919775,0.525,-1.5752114279639673,1.3784470669301387,0.0,-1.1445528394985882,-0.06249199936286584,0.0,2.4227133731035315,-0.0013305706237081085,-0.022428187355295316,0.698411179075795
4.166666666666667,cmdFullState,1.321128477656531,-0.5332743161908954,0.525,-1.6102949796763733,1.3648478771409633,0.0,-0.9052081217344314,-0.24160187928196034,0.0,2.4385073501472445,-0.0011746718944300825,-0.023133384752893827,0.6747310785761588
4.2,cmdFullState,1.2523963741181117,-0.4759131612974026,0.525,-1.635162272449487,1.343891574856317,0.0,-0.66564407198065,-0.41737462993331864,0.0,2.453657598348794,-0.0011287270209674888,-0.023448403093317253,0.6566326399864577
4.233333333333333,cmdFullState,1.1828332742981453,-0.41959685459388263,0.525,-1.649703449154936,1.315629769323829,0.0,-0.42848580194694613,-0.5877517157312191,0.0,2.468381196847032,-0.0009867181821108053,-0.02353268310345789,0.6437667300001095
4.266666666666667,cmdFullState,1.1128464594413354,-0.36460828121763345,0.525,-1.6547417924147103,1.2808326039320386,0.0,-0.19651339721907873,-0.7514534208228711,0.0,2.4828840405639965,-0.0009959945671803576,-0.02326244854541432,0.6361334924802388
4.3,cmdFullState,1.0428214263286604,-0.31121005425217985,0.525,-1.6508328591309847,1.240001353861624,0.0,0.02836108601415803,-0.9074213064010862,0.0,2.497364373163681,-0.0008213936624641574,-0.0226131164101654,0.6336241983147949
4.333333333333333,cmdFullState,0.9731431412441525,-0.2596613121740441,0.525,-1.6380258485841819,1.1932508778162936,0.0,0.24440335636188443,-1.0540934664984023,0.0,2.512014454712535,-0.0007768023859152456,-0.021680970805294755,0.6359516343957323
4.366666666666666,cmdFullState,0.9041541588366622,-0.2101866220474855,0.525,-1.6173516932245293,1.1414043464397792,0.0,0.45023060017978817,-1.1911375411335956,0.0,2.527035218443711,-0.0006899358721212758,-0.02045825461983519,0.6432246780567119
4.4,cmdFullState,0.8361722786837238,-0.162990896860842,0.525,-1.5894170484287584,1.0849385466580828,0.0,0.6447735011683642,-1.3179238750925195,0.0,2.5426391850239662,-0.0005320572141965909,-0.019026432551175497,0.6554182162929201
4.433333333333334,cmdFullState,0.7695111772542234,-0.11827358108565855,0.525,-1.5543505562313833,1.024014316161098,0.0,0.8265073837663592,-1.4329112234612946,0.0,2.559052329995782,-0.0005093622023235855,-0.017349267104653756,0.6723134244497737
4.466666666666667,cmdFullState,0.7044410822109604,-0.07620155825774844,0.525,-1.5131923484885081,0.959400368288134,0.0,0.9947131296373206,-1.5360558600717729,0.0,2.5765304232751225,-0.000422782825956689,-0.01549909512148761,0.6940709540124765
4.5,cmdFullState,0.6412089804977785,-0.036923815968038065,0.525,-1.4665125401747685,0.8915364614503346,0.0,1.1483070133225795,-1.6264789572874234,0.0,2.5953629172273747,-0.00046074201788303955,-0.013566452631850906,0.7206383214857656
4.533333333333333,cmdFullState,0.5800553327625895,-0.0005808249254186659,0.525,-1.414506445044356,0.8206658437630219,0.0,1.2852571323953983,-1.7021172741565884,0.0,2.615875505572151,-0.000515588949043482,-0.01146282564964453,0.7516694897355404
4.566666666666666,cmdFullState,0.5211770805355254,0.032718991582338264,0.525,-1.3582186910003473,0.7475520597496038,0.0,1.4046521538814631,-1.7625541529963027,0.0,2.638448895583045,-0.0007921661959487368,-0.009218971163695884,0.7870904864744167
4.6,cmdFullState,0.46474432404008903,0.06288896670627553,0.525,-1.2983177814068063,0.6727393725072602,0.0,1.5047265200811089,-1.8062401095496154,0.0,2.6635209745992188,-0.0011752992545575186,-0.00686984433351675,0.8263912828974859
4.633333333333333,cmdFullState,0.41091074505078007,0.08986049526326267,0.525,-1.2352505043022552,0.5967106570696304,0.0,1.58256183361826,-1.8304043817206075,0.0,2.691581728929552,-0.0017194407498803963,-0.0043261639011431445,0.8684346897303709
4.666666666666667,cmdFullState,0.35902312564834876,0.1139386231773614,0.525,-1.186994590352499,0.5270967632954432,0.0,1.6872687895084324,-1.8899363041307595,0.0,2.723689439087985,-0.0026261693646198116,-0.0016726468011038639,0.9264274665157055
4.7,cmdFullState,0.31000220420321756,0.1346837465231212,0.525,-1.1186523177969645,0.4488363049991772,0.0,1.7141341324214288,-1.867781915863096,0.0,2.7600268162182204,-0.0037248252147334287,0.0013560191391010174,0.9697577556040006
4.733333333333333,cmdFullState,0.2638862040930885,0.1521316862522133,0.525,-1.050094517223147,0.3720187594820627,0.0,1.7075485125399184,-1.8164647070922226,0.0,2.80111739978647,-0.005181291130432405,0.004553235951698534,1.007190269558841
4.766666666666667,cmdFullState,0.22065014801572438,0.1663700028158581,0.525,-0.9828844839786055,0.2979228503032174,0.0,1.663900618858168,-1.7330719197739903,0.0,2.8472844116973635,-0.00703015940482244,0.007975732586358463,1.0323688644287214
4.8,cmdFullState,0.18020990210188276,0.17754009676363874,0.525,-0.9185193107588507,0.22790541967447275,0.0,1.5782018635121866,-1.6133493975544773,0.0,2.8983817135597536,-0.009430671395384482,0.011585271592707884,1.0358550099757768
4.833333333333333,cmdFullState,0.14241660073987594,0.1858456450112308,0.525,-0.8586458385127922,0.16353762717936657,0.0,1.4446288207852347,-1.4523452884808992,0.0,2.9533868385229387,-0.012306621410955258,0.015359273281132646,1.0049352555190578
4.866666666666666,cmdFullState,0.10703396323789388,0.19156549610811746,0.525,-0.8054336142137786,0.10667960302928231,0.0,1.2578917885810368,-1.2457780349092151,0.0,3.009909222055467,-0.015934958531604725,0.019390160750105977,0.9246779968503269
4.9,cmdFullState,0.07373296381766214,0.1950615707885635,0.525,-0.7611943412548248,0.059392269321043675,0.0,1.0119495926745723,-0.9887090998998967,0.0,3.063725308315912,-0.02009552585567008,0.023818704454487635,0.7796587502225727
4.933333333333334,cmdFullState,0.04208182844688663,0.1967890880595095,0.525,-0.7284802717160035,0.023980188175158998,0.0,0.7005846807202054,-0.6761212892519297,0.0,3.10868643350764,-0.025171278296763702,0.02825326228724149,0.5580856037420526
4.966666666666667,cmdFullState,0.01152775647733939,0.19730688010266534,0.525,-0.7102649235095307,0.002980315063858519,0.0,0.3179969390549832,-0.30346748136345064,0.0,3.1373966170490637,-0.03407335688054533,0.03019584222545105,0.25699723816394887
5.0,cmdFullState,-0.01852132257808975,0.197283350281683,0.5250004964769732,-0.7066701057709485,-0.0015408086888124692,0.00012128682350705204,0.025802421452388737,0.02329250220077949,0.01970614008563603,-3.139412278002173,-0.007002978578372185,-0.007543349491697638,-0.019724258388867235
5.033333333333333,cmdFullState,-0.04846525948029698,0.19726242816036832,0.525043096037216,-0.7037493024838387,0.0010976290500506504,0.002338552303535844,0.11067127268433138,0.10001677397965143,0.08367244132878333,3.140032967269483,-0.006557817286821734,-0.00704817483349626,-0.08504660717348786
5.066666666666666,cmdFullState,-0.07821086244554794,0.1974207719591753,0.5252354463876134,-0.6973727377530821,0.006863928415880725,0.007131801160989885,0.18867906734334947,0.17071308184250372,0.14112881934690663,3.1317504179996445,-0.005914448550914715,-0.00659395032056111,-0.14648072604245377
5.1,cmdFullState,-0.10761757706725071,0.19788576084602874,0.5256810831732452,-0.6878272761424997,0.01550597842070356,0.014229451488443278,0.2600302718726049,0.23555736670383867,0.19229762400656578,3.119053052418518,-0.005324169758692734,-0.006057733953902759,-0.20487904005604546
5.133333333333333,cmdFullState,-0.13655684016049616,0.19877423211925727,0.5264722155665501,-0.6753911040519806,0.02677913553220586,0.02336935856807694,0.32492935271526013,0.294725569478159,0.23740120517432117,3.1019635922045663,-0.004831274456453,-0.005480207897940623,-0.2609117714301136
5.166666666666667,cmdFullState,-0.1649117114349732,0.2001927981486197,0.5276901268097186,-0.6603337297174801,0.04044622367373608,0.03429881487167928,0.38358077631448106,0.3483936310799704,0.27666191271673524,3.080417895119716,-0.004310789824125333,-0.004888419402859495,-0.31509049057474803
5.2,cmdFullState,-0.1925765051678796,0.2022381633163316,0.5294055747570865,-0.6429159832110223,0.05627753422430313,0.0467745500606452,0.43618900911342984,0.3967374924237755,0.31030209650036844,3.054280386299618,-0.003858954247360158,-0.004278255137393841,-0.3677789658673686
5.233333333333333,cmdFullState,-0.21945642187683725,0.2049974409580918,0.5316791924175283,-0.6233900164406979,0.07405082601857699,0.06056273098597651,0.4829585175552693,0.43993309442407735,0.3385441063917812,3.0233593691202367,-0.0038179358477809966,-0.0032610509297697635,-0.41919275622977537
5.266666666666667,cmdFullState,-0.24546717999280734,0.20854847030410908,0.5345618884968496,-0.6019993031506651,0.09355132534688955,0.07543896168828271,0.5240937680831645,0.47815637799538097,0.3616102922575356,2.987424733939484,-0.0033042957560201073,-0.0028025769900867723,-0.46938876217412795
5.3,cmdFullState,-0.27053464753300127,0.2129601334201284,0.5380952479401815,-0.5789786389211498,0.11457172595523303,0.09118828339777955,0.5597992271402782,0.5115832840521896,0.37972300396419206,2.946230678071402,-0.002844243724676058,-0.0023809352601992873,-0.5182463829600443
5.333333333333333,cmdFullState,-0.2945944737737961,0.21829267214845757,0.5423119324743725,-0.5545541411684457,0.1369121890452606,0.10760517453428976,0.5902793611697733,0.540389753509006,0.39310459137831166,2.8995460446820838,-0.0024805712998687756,-0.0019201701809072919,-0.5654432985922127
5.366666666666666,cmdFullState,-0.3175917209236492,0.22459800504899408,0.5472360811503826,-0.5289432491449128,0.16038034327428757,0.12449355070724384,0.6157386366148146,0.5647517272803353,0.4019774043664558,2.8471944467386225,-0.0021132309267770707,-0.0014992250933153213,-0.6104314581583768
5.4,cmdFullState,-0.3394804957960097,0.23192004434025099,0.5528837108856762,-0.5023547239389795,0.1847912847552895,0.1416667647156785,0.6363815199185647,0.5848451462806803,0.406563792795185,2.7891049892017206,-0.0017734489657024435,-0.001109430990720799,-0.6524225872868724
5.433333333333334,cmdFullState,-0.36022358148223366,0.24029501284038385,0.5592631170066152,-0.4749886484751418,0.2099675770569026,0.15894760654823728,0.6524124775241873,0.6008459514245448,0.40708610653106087,2.725371618469285,-0.0014532359868325256,-0.0007446448541728144,-0.6903966573924406
5.466666666666667,cmdFullState,-0.3797920690244987,0.2497517609082175,0.5663752737908524,-0.4470364275139619,0.23573925120342595,0.17616830338317183,0.664035975874846,0.6129300836264328,0.4037666954406439,2.6563146666631363,-0.0011343428835831214,-0.0004311044316088552,-0.7231492058281094
5.5,cmdFullState,-0.3981649890887158,0.2603120833842719,0.5742142350097243,-0.4186807876520708,0.26194380567481806,0.1931705195883396,0.6714564814137043,0.6212734838008477,0.3968279093904955,2.5825326319105506,-0.000819737294421519,-0.00016559131486860898,-0.7493906482820064
5.533333333333333,cmdFullState,-0.4153289436374441,0.271991036531789,0.5827675344706447,-0.39009577732216666,0.2884262064066985,0.20980535672120523,0.6748784605839255,0.6260520928622931,0.38649209824717673,2.504927719777406,-0.0004907137842030017,3.8569543616400616e-05,-0.7678991726814778
5.566666666666666,cmdFullState,-0.43127773760280513,0.28479725497775965,0.5920165865594978,-0.36144676679301463,0.3150388867903493,0.22593335352884095,0.6745063798286733,0.6274418517252731,0.37298161187724854,2.4246886019824467,-0.00016076204128897894,0.0001733790682405737,-0.7777081460652525
5.6,cmdFullState,-0.44601201055939654,0.29873326865395,0.6019370867830317,-0.33289044816944624,0.3416417476727135,0.24142448594792595,0.6705447055911112,0.625618701304291,0.35651880014727155,2.3432213384347,0.0001720048575617221,0.00025429194248281724,-0.7782860852354472
5.633333333333333,cmdFullState,-0.45953886839720376,0.3137958197379267,0.6124994123112504,-0.30457483539236346,0.36810215735639346,0.2561581671047454,0.6631979043144026,0.6207585825138506,0.33732601292380743,2.2620341966774737,0.0005242045523989277,0.0002481031241848425,-0.7696558296120425
5.666666666666667,cmdFullState,-0.47187151499451674,0.32997617959408504,0.623669022519808,-0.27663926423873375,0.39429495159965366,0.270023247315192,0.6526704424417114,0.613037436268456,0.3156256000734171,2.1825985834114974,0.0008544173714374185,0.00017602040508491002,-0.7524116676040837
5.7,cmdFullState,-0.4830288838908423,0.3472604657146755,0.6354068595324024,-0.2492143923215919,0.42010243361642025,0.2829180140847659,0.6391667864162006,0.6026312034826102,0.29163991146266194,2.106217777808589,0.001168152815971213,9.248613668191218e-05,-0.7276273463603915
5.733333333333333,cmdFullState,-0.49303526995981817,0.3656299586608295,0.6476697487631675,-0.22242219909003996,0.4454143740762803,0.2947501921085739,0.6228914026810338,0.5897158250708172,0.265591296958102,2.033931943555491,0.0014866974661081553,-7.390964484285012e-05,-0.6966864813815865
5.766666666666667,cmdFullState,-0.5019199610821264,0.38506141900358604,0.6604107994590666,-0.1963759858292478,0.47012801110448205,0.30543694327133,0.6040487576793746,0.5744672419475804,0.23770210642629813,1.9664739637895117,0.0017411268256327275,-0.00026468958118881677,-0.6610885719323794
5.8,cmdFullState,-0.5097168698184068,0.4055274042649173,0.6735798052422848,-0.17118037566045444,0.4941480502819329,0.3149048666473538,0.5828433178543866,0.5570613950274044,0.20819468973381364,1.9042739615373323,0.0019615062234687535,-0.00044725586867268996,-0.6222800485389248
5.833333333333333,cmdFullState,-0.5164641650821725,0.4269965858587579,0.6871236446526245,-0.14693131354096384,0.517386664645204,0.32308999850057407,0.5594795496492336,0.537674225224792,0.17729139674720754,1.847498739336323,0.002172472316302922,-0.0006740462862922547,-0.5815386249578298
5.866666666666666,cmdFullState,-0.5222039038127221,0.44943406603202907,0.7009866816898971,-0.12371606626414773,0.5397634946865267,0.3299378122845252,0.5341619195070785,0.5164816734542472,0.14521457733304116,1.7961087772993631,0.0023097243947478164,-0.0008963937934090134,-0.5399156111880141
5.9,cmdFullState,-0.5269816626480535,0.4728016948056656,0.715111166356315,-0.10161322245944655,0.5612056483537935,0.3354032186423487,0.5070948938710846,0.4936596806302735,0.11218658135787572,1.749918099593006,0.0024378799178757906,-0.0010831819299988441,-0.4982251331808873
5.933333333333334,cmdFullState,-0.5308461695977783,0.4970583869156422,0.7294376351988869,-0.0806926925923678,0.5816477010505569,0.3394505654067934,0.4784829391844165,0.46938418766737533,0.07842975868827289,1.70864765777448,0.002560714955173595,-0.0013000419915602597,-0.45706357272493003
5.966666666666667,cmdFullState,-0.5338489357160355,0.5221604387540016,0.7439053118518103,-0.061015708964485715,0.6010316956360319,0.34205363760021457,0.448530521890237,0.4438311354800556,0.0441664591907934,1.6719680079685801,0.0026118070940611667,-0.0014907767808980204,-0.41684394469499236
6.0,cmdFullState,-0.5360438867744051,0.5480618453098801,0.7584525075788646,-0.0426348257134417,0.6193071424250949,0.34319565743457536,0.4174421084317089,0.4171764649828174,0.00961903273199623,1.6395306594013255,0.002668424563604788,-0.001632889502518694,-0.3778343034499743
6.033333333333333,cmdFullState,-0.5374869949348218,0.5747146171105315,0.7730170218158033,-0.02559391881294636,0.6364310191882817,0.34286928431144503,0.38542216525199713,0.3895961170901656,-0.024990170821554702,1.6109894260592188,0.002729834517017559,-0.00180056540505977,-0.3401938018202175
6.066666666666666,cmdFullState,-0.5382359104224889,0.6020690971623578,0.7875365427127486,-0.00992818607277682,0.65236777115179,0.34107661482200025,0.3526751587942643,0.36126603271660424,-0.059438801603299174,1.5860138469324632,0.002713706723296812,-0.0019579918414864795,-0.3040034763970662
6.1,cmdFullState,-0.5383495931987922,0.6300742778919339,0.8019490476765847,0.004335852861223107,0.6670893109974789,0.3378291827470241,0.31940555550167465,0.3323621527766356,-0.09350450974667561,1.5642967595938597,0.0027249505139762377,-0.0020506629356822053,-0.26929100499969294
6.133333333333333,cmdFullState,-0.5378879446342134,0.6586781180870348,0.81619320391335,0.017180356507141746,0.6805750188628692,0.33314795905690814,0.2858178218173909,0.30306041818476426,-0.12696494538512507,1.5455578034715272,0.0027532854767401823,-0.0021725461626350144,-0.23604983465756085
6.166666666666667,cmdFullState,-0.5369114391812443,0.6878278598376604,0.8302087689706306,0.028596161546999434,0.6928117423411418,0.3270633519116485,0.2521164241845759,0.2735367698554926,-0.15959775865208506,1.5295442276695224,0.0027043367933953684,-0.002275646434657234,-0.20425356214206286
6.2,cmdFullState,-0.5354807560473004,0.717470345477062,0.8439369912799527,0.038582782826748915,0.703793796481138,0.319615206660851,0.21850582904639546,0.2439671487033266,-0.19118059968099482,1.516030000529327,0.002675920232637238,-0.00230600416822123,-0.17386655379821878
6.233333333333333,cmdFullState,-0.533656410867635,0.7475523345227719,0.8573210106991782,0.04714841335627625,0.7135229637873615,0.31085280584372654,0.18519050284601168,0.21452749564276977,-0.22149111860529105,1.504813908777152,0.002656903081184202,-0.0023513316371293154,-0.14485171180593387
6.266666666666667,cmdFullState,-0.5314983873782516,0.7780208206176293,0.8703062590548963,0.054309924309400695,0.7220084942199777,0.3008348691890931,0.15237491202658726,0.18539375158832272,-0.25030696555841714,1.4957170998711686,0.0025599881925358363,-0.002369761851766516,-0.11717614416204418
6.3,cmdFullState,-0.5290657690888203,0.8088233484708017,0.8828408606848155,0.060092865023872205,0.7292671051948116,0.2896295536153768,0.12026352303128705,0.1567418574544921,-0.27740579067380877,1.488580352736117,0.002477331028298734,-0.00234519395898278,-0.0908153348506678
6.333333333333333,cmdFullState,-0.5264163709555888,0.8399083307988168,0.8948760329801586,0.06453146300137444,0.7353229815833495,0.2773144532306099,0.08906080230327404,0.12874775415578055,-0.30256524408490604,1.483261245475232,0.0023828561392290467,-0.0023493587467095533,-0.06575626520080549
6.366666666666666,cmdFullState,-0.5236063710542977,0.8712253652665884,0.9063664869280559,0.06766862390752348,0.7402077757127393,0.26397659933243184,0.05897121628571179,0.10158738260669245,-0.3255629759251474,1.47963131047429,0.0022599808687856922,-0.002310530058467127,-0.04199981587577652
6.4,cmdFullState,-0.5206899422530944,0.9027255514284425,0.9172708276539374,0.06955593157186805,0.7439606073657902,0.2497124604080881,0.030199231421763822,0.07543668372173029,-0.3461766363279727,1.4775732166071331,0.002145888924241098,-0.002233302893006292,-0.019562681245932672
6.433333333333334,cmdFullState,-0.517718883885446,0.9343618076691406,0.927551954963926,0.07025364798788893,0.7466280637809724,0.2346279421344331,0.002949314154593594,0.05047159841539757,-0.3641838754268199,1.4769779868214576,0.0020193663041801024,-0.002166082006556932,0.0015210495132434493
6.466666666666667,cmdFullState,-0.5147422534230537,0.9660891881449101,0.9371774638872317,0.06983071331300053,0.7482641996524159,0.21883838737792716,-0.022574069072635365,0.026868067602200014,-0.37936234335512786,1.477742241460403,0.0018696498046378185,-0.0020568690262457827,0.021198551877925447
6.5,cmdFullState,-0.5118059981487658,0.9978651997244705,0.9461200452185439,0.06836474586854793,0.7489305371299139,0.2024685761946375,-0.04616645181675954,0.00480203219664072,-0.3914896902463364,1.4797654494128505,0.0017199622965569825,-0.0019133943283420878,0.03939712329738677
6.533333333333333,cmdFullState,-0.5089525868294937,1.0296501189300593,0.9543578860604254,0.06594204213981109,0.7486960658189191,0.18565272583023743,-0.06762336763461058,-0.015550566886783844,-0.4003435662339,1.4829471681648267,0.0015486677094561333,-0.0017580751129717147,0.05602323750794541
6.566666666666666,cmdFullState,-0.5062206413891227,1.0614073088784575,0.9618750703657045,0.062657576776001,0.7476372427805459,0.1685344907200081,-0.0867403500830317,-0.034013788733561576,-0.4057016214512357,1.487184258637678,0.001356326339138678,-0.0015759235768970695,0.07096183096886363
6.6,cmdFullState,-0.5036445685814277,1.0931035362220145,0.9686619794798685,0.058615002590261825,0.74583799253157,0.15126696248883925,-0.10331293271885796,-0.05041169242918788,-0.4073415060317834,1.492368070604803,0.0011540557402254007,-0.00137142068249924,0.08407588811505948
6.633333333333333,cmdFullState,-0.501254191662986,1.1247092880896816,0.9747156926834583,0.053926650559669734,0.743389707044428,0.13401266995122518,-0.11713664909892699,-0.0645683370591607,-0.4050408701089828,1.4983816091199709,0.0009355522377230247,-0.0011401324146886546,0.0952064196559062
6.666666666666667,cmdFullState,-0.4990743820660918,1.156199089028033,0.9800403877344595,0.0487135298252336,0.7403912457472174,0.11694357911126786,-0.12800703278007508,-0.07630778170897669,-0.3985773638162736,1.5050967115442322,0.0007085328762870037,-0.0008876542671891765,0.10417295117624505
6.7,cmdFullState,-0.4971246910716698,1.1875518179422897,0.9846477414106967,0.04310532769189522,0.7369489355236973,0.10024109316267762,-0.13571961731913795,-0.08545408546413177,-0.3877286372870958,1.512371288116831,0.00045499233431241595,-0.0006254264184904223,0.11077465663466768
6.733333333333333,cmdFullState,-0.49541898148218877,1.2187510250373532,0.9885573300522269,0.03724040962852866,0.7331765707132879,0.08409605248877036,-0.14006993627295203,-0.09183130741012281,-0.37227234065488896,1.5200467059883565,0.00018234387110932458,-0.0003268610487717972,0.11479228142165018
6.766666666666667,cmdFullState,-0.4939650592945755,1.2497852487588257,0.9917970301037319,0.03126581926794082,0.7291954131110698,0.06870873466246989,-0.14085352319835368,-0.09526350663244636,-0.3519861240530938,1.5279454261986358,-8.838998819836394e-05,-3.9742109568396145e-05,0.11599100091286592
6.8,cmdFullState,-0.49276430537312826,1.2806483327340437,0.9944034186569124,0.025337278406870518,0.7251341919677852,0.05428885444630528,-0.13786591165217923,-0.09557474221659928,-0.3266476376151486,1.5358690337035683,-0.0003922235112163262,0.00024320511988568902,0.11412435208341327
6.833333333333333,cmdFullState,-0.4918113071224312,1.311339742713096,0.9964221739928802,0.019619187005989806,0.7211291039898374,0.04105556379241417,-0.13090263519126497,-0.09258907324807801,-0.2960345314744938,1.5435968302209522,-0.0007198316832850519,0.0005544048501357153,0.10893935824789626
6.866666666666666,cmdFullState,-0.4910934901602675,1.3418648835098557,0.9979084761245525,0.014284623189903051,0.7173238133392906,0.029237451842540615,-0.11975922737244712,-0.08613055881237919,-0.25992445576456913,1.550885186045539,-0.0010160933593543792,0.0008458470434667762,0.1001829427738368
6.8999999999999995,cmdFullState,-0.4905907499905334,1.372235415943005,0.9989274073390437,0.009515343247147392,0.7138694516338705,0.019072544928036003,-0.10423122175256261,-0.07602325799499982,-0.21809506061881612,1.5574678677066178,-0.001365755240208243,0.001117442113357462,0.08760970106925062
6.933333333333334,cmdFullState,-0.4902750836761523,1.4024695737770656,0.9995543527400603,0.005501781630191859,0.710924617946963,0.010808306569857212,-0.08411415188844582,-0.06209122988143526,-0.17032399617066954,1.5630575712925328,-0.0017470645976679507,0.001435573358746498,0.07099107679049067
6.966666666666667,cmdFullState,-0.49011022151198785,1.4325924806634158,0.9998754007902925,0.0024430509554390118,0.7086553788076162,0.0047016374785702085,-0.05920355133693509,-0.04415853355718342,-0.11638891255357409,1.567348894728324,-0.0020905420927987725,0.0017288050842431174,0.05012597254147008
7.0,cmdFullState,-0.49005125869775834,1.4626364670813266,0.9999877438538082,0.0005469420032234205,0.7072352682005386,0.0010188755543465529,-0.02929495365486701,-0.022049228107741355,-0.056067459900970236,1.5700229746746357,-0.0025295235057123094,0.001981007951371393,0.02485281709881314
7.033333333333333,cmdFullState,-0.49004432985134044,1.4926413537540524,0.9999999809795935,1.043683473898159e-05,0.7068300311626063,-8.627523331552524e-06,-0.00010401892101644819,-0.00022642057062697196,-0.0026063455518667484,1.5707815611026112,3.1663635491064595e-05,-9.690561836578015e-05,8.829460925482737e-05
7.066666666666666,cmdFullState,-0.49004417619970847,1.5226406142775588,0.9999923655310813,-7.716758895795037e-06,0.7067835840951866,-0.0004634896002097594,-0.0007430584391268063,-0.002074909160637242,-0.018618236485663426,1.5708072449303332,2.5918151277558437e-05,-0.00013613375836699987,0.0006307714304987835
7.1,cmdFullState,-0.49004535366746105,1.5526360376614576,0.9999513973069716,-5.193809717576581e-05,0.7066445340146156,-0.0015715032766412135,-0.0013325994380698736,-0.004585451982107551,-0.0333895757229527,1.5708698264040808,3.580836717298346e-05,-0.000180802798514037,0.0011314757533887167
7.133333333333333,cmdFullState,-0.4900489244508913,1.582623105553258,0.9998504622754478,-0.00012015368072093229,0.70638536867858,-0.0032807017659348217,-0.00187393141195202,-0.007730373866759826,-0.04695268506655573,1.5709664232958858,4.239269431399971e-05,-0.000240215485945083,0.0015918205945960261
7.166666666666667,cmdFullState,-0.49005586390226324,1.6125961568261904,0.9996651229173246,-0.00021034474011613177,0.7059797504612143,-0.005540490114836409,-0.0023683438548795974,-0.011481999646315855,-0.05933988631929323,1.5710942740572005,3.622336185097192e-05,-0.000289632413707469,0.0020132950182373812
7.2,cmdFullState,-0.49006706285271423,1.6425484374334263,0.9993730600013568,-0.00032054723591105086,0.7054025163531008,-0.008301645203529062,-0.00281712626095901,-0.015812654152497836,-0.07058350128398728,1.5712507442465162,4.161700599578822e-05,-0.00033882381289446217,0.0023974436051186847
7.233333333333333,cmdFullState,-0.4900833299351577,1.6724721502622864,0.9989540143595492,-0.00044885185862020575,0.7046296779612701,-0.011516315745632638,-0.0032215681242966096,-0.020694662217027582,-0.08071585176345854,1.5714333306168307,4.222338404454785e-05,-0.0003974061627706815,0.0027458482447571503
7.266666666666667,cmdFullState,-0.4901053939071852,1.7023585049884615,0.9983897286624647,-0.000593404028722955,0.7036384215091999,-0.015138022288204078,-0.003582958938998765,-0.02610034867162701,-0.08976925956052817,1.5716396631874299,3.493065010539068e-05,-0.00044374036661508885,0.0030601121419724067
7.3,cmdFullState,-0.49013390597396944,1.732197767930225,0.9976638891945342,-0.0007524038966634906,0.7024071078368165,-0.019121657211737184,-0.0039025881991718346,-0.03200203834801784,-0.09777604647801706,1.5718675056034443,3.555489260705659e-05,-0.00048717426409997837,0.0033418459064455254
7.333333333333333,cmdFullState,-0.49016944211116614,1.761979311902653,0.996762067629365,-0.0009241063428508672,0.7009152724004937,-0.02342348473016334,-0.00418174539892222,-0.03837205607792266,-0.10476853431874719,1.5721147540624938,3.26104516956753e-05,-0.0005369616540620757,0.003592655578364228
7.366666666666666,cmdFullState,-0.4902125053878171,1.7916916660718307,0.9956716628050509,-0.0011068209776589428,0.6991436252730532,-0.028001140890850082,-0.00442172003235626,-0.04518272669306275,-0.11077904488553887,1.5723794350619233,2.1532156431879108e-05,-0.0005770540538646605,0.0038141324347060863
7.3999999999999995,cmdFullState,-0.4902635282892522,1.8213225658090757,0.9943818424994801,-0.0012989121414264321,0.6970740511437648,-0.032813633574602354,-0.004623801593580325,-0.052406375025159976,-0.1158398999812134,1.572659702193748,1.851151979044151e-05,-0.0006132841323619911,0.004007844417572163
7.433333333333334,cmdFullState,-0.49032287503999206,1.8508590025451532,0.9928834852056451,-0.0014987989044569032,0.6946896093183459,-0.03782134249566246,-0.0047892795767007995,-0.06001532590593679,-0.11998342140859226,1.5729538321883856,1.5522934335259794e-05,-0.0006508126597733182,0.004175329027112836
7.466666666666667,cmdFullState,-0.4903908439266507,1.8802872736244858,0.9911691219069513,-0.001704955067018744,0.6919745337189619,-0.04298601920170924,-0.004919443475824047,-0.06798190416711489,-0.12324193097049646,1.5732602203831814,1.0304822731537071e-05,-0.0006789345153619173,0.004318087525974596
7.5,cmdFullState,-0.4904676696208377,1.9095930321593726,0.9892328778525266,-0.0019159091593451865,0.688914232884226,-0.04827078707385867,-0.005015582785056436,-0.07627843464041618,-0.12564775046974713,1.5735773757680882,7.712496374311903e-06,-0.0007040319724662226,0.004437580308972431
7.533333333333333,cmdFullState,-0.4905535255020608,1.9387613368842038,0.9870704143325302,-0.0021302444416342954,0.6854952899691996,-0.05364014132666358,-0.005078986998504333,-0.08487724215756229,-0.12723320170916536,1.5739039157389305,4.8437879143628275e-06,-0.000727818467907869,0.004535223300129235
7.566666666666666,cmdFullState,-0.4906485259806286,1.9677767020096788,0.9846788704534614,-0.0023465989040489985,0.6817054627453915,-0.05905994900811434,-0.005110945610274113,-0.09375065155027577,-0.12803060649157244,1.5742385606686407,-1.6752161936852694e-07,-0.0007479631925235369,0.004612385248723302
7.6,cmdFullState,-0.49075272882055243,1.9966231470770164,0.9820568049134693,-0.0025636652667170375,0.6775336836007585,-0.06449744899963779,-0.005112748114472141,-0.10287098765027826,-0.12807228661978945,1.574580128388765,1.522466954930563e-07,-0.0007663532037598527,0.004670385806064958
7.633333333333333,cmdFullState,-0.4908661374624496,2.0252842468121734,0.9792041377776615,-0.0027801909797310026,0.6729700595397055,-0.06992125201609797,-0.005085684005204789,-0.11221057528929165,-0.12739056389663755,1.5749275286573787,1.1003638332914611e-06,-0.0007817175304093683,0.004710494275004842
7.666666666666667,cmdFullState,-0.4909887033464453,2.0537431809800593,0.9761220922534132,-0.002994978223148325,0.6680058721830849,-0.07530134060579591,-0.005031042776578423,-0.1217417392990379,-0.1260177601249379,1.5752797576752706,-1.7167135305164309e-06,-0.0007960450789409794,0.004733928934367626
7.7,cmdFullState,-0.49112032823507534,2.0819827842387513,0.9728131364656768,-0.0032068839069912623,0.6626335777681978,-0.08060906915046943,-0.0049501139226994185,-0.1314368045112386,-0.12398619710751177,1.575635892699759,-2.7890989267026674e-06,-0.0008076287524566385,0.004741856850390025
7.733333333333333,cmdFullState,-0.4912608665361885,2.109985595993713,0.9692809252322897,-0.0034148196712469395,0.656846807148792,-0.08581716386529403,-0.004844186937674138,-0.14126809575761634,-0.12132819664718009,1.5759950867946348,-3.0427654108466636e-06,-0.0008140719005082127,0.004735394096665607
7.766666666666667,cmdFullState,-0.49141012762584907,2.1377339102520048,0.9655302418392849,-0.003617751885867302,0.6506403657950636,-0.09089972279888164,-0.004714551315608946,-0.15120793786989312,-0.11807608054676398,1.5763565637453774,-5.666548065243114e-06,-0.0008218437863696961,0.0047156063129570585
7.8,cmdFullState,-0.4915678781712394,2.1652098254764978,0.9615669398161998,-0.0038147016507691146,0.6440102337936575,-0.09583221583328091,-0.004562496550610232,-0.16122865567978972,-0.11426217060908499,1.5767196131607815,-1.0600140562519701e-05,-0.0008256792795399044,0.004683509541464895
7.833333333333333,cmdFullState,-0.49173384445356216,2.1923952944400993,0.9573978847113838,-0.004004744795834026,0.636953565847665,-0.10059148468397841,-0.0043893121367843445,-0.17130257401902918,-0.10991878863696397,1.5770835857753502,-1.585241818220351e-05,-0.0008225268134289472,0.004640071286707431
7.866666666666666,cmdFullState,-0.4919077146909431,2.2192721740799577,0.9530308958673094,-0.004187011880908489,0.6294686912766264,-0.10515574289989699,-0.004196287568237661,-0.18140201771933312,-0.10507825643322202,1.5774478889610617,-1.7513837368025973e-05,-0.0008231977587570659,0.004586211752062077
7.8999999999999995,cmdFullState,-0.49208914136133314,2.2458222753516814,0.9484746881958802,-0.004360688195803812,0.6215551140165293,-0.10950457586339682,-0.003984712339076553,-0.19149931161242342,-0.09977289580068045,1.5778119824523162,-2.33141263862407e-05,-0.000818130470382336,0.004522805212251737
7.933333333333334,cmdFullState,-0.4922777435254113,2.2720274130835563,0.9437388139537403,-0.0045250137602961295,0.6132135126198094,-0.1136189407902748,-0.0037558759434073935,-0.20156678053002167,-0.09403502854216063,1.578175374283839,-2.7920571677086312e-05,-0.0008084448777216952,0.004450681486655336
7.966666666666667,cmdFullState,-0.4924731091494869,2.2978694558307593,0.9388336045175829,-0.004679283324126435,0.60444574025535,-0.11748116672976537,-0.0035110678753365386,-0.2115767493038504,-0.08789697646048326,1.5785376169379597,-2.9185069476628283e-05,-0.0008052557512621988,0.004370627483309394
8.0,cmdFullState,-0.4926747974284019,2.3233303757295727,0.9337701121594603,-0.004822846367000546,0.5952548247084826,-0.12107495456453947,-0.0032515776289703618,-0.2215015427656314,-0.08139106135846971,1.5788983036948891,-3.408499835294736e-05,-0.0007943629664792399,0.004283388787885211
8.033333333333333,cmdFullState,-0.49288234110843393,2.3483922983516003,0.928560051822092,-0.0049551070985891215,0.5856449683809865,-0.12438537701070523,-0.002978694698415234,-0.23131348574708646,-0.07454960503894106,1.5792570651772404,-3.30238930908863e-05,-0.0007777394668971662,0.0041896712758137
8.066666666666666,cmdFullState,-0.493095248810198,2.3730375525579848,0.9232157428941747,-0.005075524458527662,0.5756215482910887,-0.12739887861780771,-0.002693708577777532,-0.24098490307993756,-0.06740492930471846,1.5796135660780373,-3.342438555405549e-05,-0.0007698131851205752,0.004090142729128372
8.1,cmdFullState,-0.4933130073515496,2.397248720353619,0.917750050985691,-0.005183612116416502,0.5651911160734646,-0.1301032757688291,-0.0023979087611636267,-0.2504881195959063,-0.059989355958623494,1.5799675020596815,-3.8489735487368366e-05,-0.0007497778412218377,0.003985434442546917
8.133333333333333,cmdFullState,-0.4935350840704869,2.421008686741366,0.9121763297032176,-0.0052789384718208284,0.5543613979792363,-0.13248775668018867,-0.002092584742679866,-0.25979546012671517,-0.05233520680347672,1.5803185968097293,-3.625944331586585e-05,-0.0007323028897929715,0.003876142805852419
8.166666666666666,cmdFullState,-0.49376092914805325,2.444300689576272,0.906508362425236,-0.0053611266542706575,0.5431412948759747,-0.13454288140174248,-0.0017790260164326256,-0.2688792495040862,-0.04447480364209925,1.5806665992377977,-4.178494322655848e-05,-0.0007141673631003754,0.003762830851802795
8.2,cmdFullState,-0.4939899779312397,2.4671083694197784,0.9007603040774415,-0.005429854523260836,0.5315408822476995,-0.13626058181678352,-0.0014585220765283013,-0.2777118125597403,-0.036440468277312954,1.5810112807963284,-3.797176925556727e-05,-0.0006894059893582556,0.0036460297606249643
8.233333333333333,cmdFullState,-0.49422165325588746,2.4894158193939457,0.8949466229080498,-0.005484854668251071,0.519571410194876,-0.1376341616420422,-0.0011323624170732356,-0.2862654741254005,-0.028264522511938388,1.5813524329062376,-3.612224620714918e-05,-0.000672439183119626,0.0035262403136683534
8.266666666666666,cmdFullState,-0.4944553677695903,2.51120763503566,0.8890820422631094,-0.005525914408665892,0.5072453034344189,-0.1386582964276856,-0.0008018365321737995,-0.2945125590327883,-0.019979288148796875,1.581689864466534,-3.632893170721622e-05,-0.0006431590918796531,0.00340393429002601
8.3,cmdFullState,-0.4946905262545972,2.532468964150853,0.8831814823618087,-0.005552875793894676,0.49457616129969056,-0.13932903355731793,-0.00046823391593637566,-0.3024253921136255,-0.011617086990709567,1.5820233994246573,-2.7537952812791466e-05,-0.0006202994088571329,0.003279555800902061
8.333333333333334,cmdFullState,-0.49492652795071457,2.5531855566687174,0.8772600020717858,-0.005565635603291633,0.48157875774050146,-0.13964379224798035,-0.00013284406246732931,-0.309976298199634,-0.00321024084049784,1.5823528743814583,-2.984848469442276e-05,-0.0005931145201805299,0.0031535225572277745
8.366666666666667,cmdFullState,-0.49516276887820904,2.5733438144959218,0.8713327406844367,-0.005564145346175819,0.4682690413231087,-0.13960136355015107,0.00020304353412697908,-0.31713760212253617,0.005208928499017659,1.5826781362011781,-2.267549783469116e-05,-0.000555926184195243,0.003026227066516302
8.4,cmdFullState,-0.4953986441607096,2.592930841370823,0.8654148596902258,-0.005548411261831126,0.45466413523021865,-0.13920191034774532,0.0005381393797401762,-0.3238816287140536,0.013608099225015411,1.582999039592281,-1.9871525677739345e-05,-0.0005239981597192187,0.0028980377552025125
8.433333333333334,cmdFullState,-0.4956335503481104,2.611934492717687,0.8595214845539941,-0.005518494319506285,0.44078233726098504,-0.13844696735811532,0.000871153980265893,-0.33018070280590833,0.021954949534674337,1.5833154446192461,-1.9696386130138333e-05,-0.00047666999737636925,0.002769300012738395
8.466666666666667,cmdFullState,-0.49586688773947296,2.6303434255008984,0.8536676464902685,-0.005474510218414863,0.42664311983100944,-0.13733944113205027,0.0012007978415977652,-0.3360071492298222,0.030217157625173362,1.5836272140980079,-1.2485324690276545e-05,-0.0004349545907864193,0.0026403371534956623
8.5,cmdFullState,-0.49609806270592877,2.6481471480791816,0.8478682242385709,-0.005416629387735278,0.41226712997234183,-0.13588361005377644,0.0015257814696293909,-0.3413332928175171,0.03836240169369097,1.583934210818181,-1.5029445857200267e-05,-0.00039080517786012255,0.002511451292047011
8.533333333333333,cmdFullState,-0.49632649001358176,2.665336070059811,0.8421378858387265,-0.0053450769866107695,0.3976761893334787,-0.134085124340957,0.001844815370254445,-0.34613145840071513,0.04635835993740639,1.584236294522759,-1.0168291585688146e-05,-0.0003419052474623819,0.0023829241266247045
8.566666666666666,cmdFullState,-0.4965515951464108,2.6819015521528318,0.8364910304061745,-0.005260132904149427,0.3828932941793651,-0.13195100604469223,0.002156610049366554,-0.3503739708111384,0.05417271055349884,1.5845333185597532,-1.5658761417129828e-05,-0.0003010976599084562,0.0022550176244460303
8.6,cmdFullState,-0.496772816629172,2.6978359560252674,0.8309417299072764,-0.005162131759424189,0.3679426153913958,-0.12948964904951957,0.002459876012859311,-0.3540331548805083,0.06177313173914598,1.5848251260989417,-1.735916389611711e-05,-0.00024822556584293927,0.0021279746010849916
8.633333333333333,cmdFullState,-0.49698960835030154,2.7131326941553433,0.8255036709346242,-0.005051462901472801,0.3528494984674101,-0.126710819073413,0.0027533237666263846,-0.3570813354405471,0.06912730169152767,1.5851115457787794,-1.3399659231955029e-05,-0.00019942174216740438,0.0020020191840746317
8.666666666666666,cmdFullState,-0.49720144188481774,2.7277862796866983,0.8201900964823509,-0.004928570409297889,0.3376404635216975,-0.12362565366778387,0.0030356638165613867,-0.35949083732297665,0.07620289860782255,1.5853923866111828,-1.9646841299565794e-05,-0.00014656016333800236,0.0018773571483276072
8.7,cmdFullState,-0.49740780881722374,2.741792376282599,0.8150137477214388,-0.004793953091866886,0.32234320528499477,-0.12024666221748043,0.003305606668557949,-0.36123398535951884,0.08296760068520925,1.5856674319219537,-1.6814914291736987e-05,-8.938611886697834e-05,0.001754176107609468
8.733333333333333,cmdFullState,-0.4976082230644101,2.7551478479801563,0.809986805775029,-0.00464816448811209,0.306986593104487,-0.11658772594078824,0.0035618628285097043,-0.36228310438189576,0.08938908612086657,1.5859364320373113,-1.771984799103907e-05,-3.448736070421697e-05,0.0016326455419865013
8.766666666666666,cmdFullState,-0.4978022090905268,2.7678498931752116,0.8051211873527505,-0.004490074282852763,0.2914881684000568,-0.11262049068921141,0.003944965803339852,-0.3717283809195707,0.09899221772414099,1.5861990761407454,-1.574349602296e-05,-0.001185554837366822,0.001512335816745472
8.8,cmdFullState,-0.4979890905370015,2.779882523374038,0.8004338462770253,-0.004313026232131524,0.2754230895138121,-0.10817800666718176,0.004388275267043602,-0.38458745610171374,0.11010526540814661,1.5864546862253215,-1.8020558573733643e-05,-0.0008421108800590088,0.0013911741456090743
8.833333333333334,cmdFullState,-0.4981680760125683,2.7912229861692857,0.7959446213627672,-0.004118428202588522,0.2589015295732749,-0.10329559330245779,0.0047710631185069055,-0.3932476442302811,0.11970020081818625,1.5867023003237037,-2.9101709746051313e-05,-0.0004947230804959941,0.0012700020093352772
8.866666666666667,cmdFullState,-0.4983384766694429,2.8018556686048743,0.7916707792346559,-0.003908953587286892,0.242100149982686,-0.09804030609461209,0.005088616263327763,-0.3977918085021001,0.1276589582590584,1.5869409428165595,-2.5769775715939386e-05,-0.00016345730739949742,0.0011499453907759965
8.9,cmdFullState,-0.49849972096669265,2.811772363629826,0.7876266442952803,-0.0036874469718095964,0.22519085996623509,-0.09248348834727779,0.005337600782343404,-0.39836086341291244,0.13389805261395762,1.5871696265377644,-2.8498046168255038e-05,0.0001477005607322524,0.001032038580146577
8.933333333333334,cmdFullState,-0.498651360661168,2.8209720165005576,0.7838234487055671,-0.003456863357242746,0.20833838250494818,-0.08669924733063988,0.00551616038913458,-0.39515213152987827,0.1383710457945127,1.58738734631278,-2.6455795862569335e-05,0.0004432786036829811,0.0009172174384983892
8.966666666666667,cmdFullState,-0.4987930922391518,2.829461447024615,0.7802687950897262,-0.0032220622675534372,0.19180823293832827,-0.0808094510159604,0.005498498203495978,-0.3810082212533628,0.13792307359794623,1.5875930992657252,-9.112733193411129e-06,0.0014894791975472766,0.0008067740135888721
9.0,cmdFullState,-0.4989249245855398,2.837264671162454,0.776962451637607,-0.0029909206928433797,0.17602520563450866,-0.0750116377687656,0.005389348904288806,-0.36270109428733954,0.13518109126750028,1.587786126050276,-2.998303992774622e-06,0.001493204650186412,0.0007024234539281274
9.033333333333333,cmdFullState,-0.49904705197778293,2.844414535271905,0.7738995377294289,-0.002764907561833871,0.16102113020229478,-0.06934262712454937,0.005257207701762105,-0.34431446652986386,0.13186296380317594,1.5879657247839771,-4.821705843250042e-06,0.0014927526409012314,0.0006040240727060806
9.066666666666666,cmdFullState,-0.49915971212024446,2.850944150480366,0.7710740844835637,-0.0025449512937155265,0.14679786510808646,-0.06382568346089339,0.0051043094390245064,-0.3259193054294376,0.12802471743630744,1.5881310228716983,-1.1961203193693368e-06,0.0014891504634531568,0.0005113009412190298
9.1,cmdFullState,-0.4992631801102013,2.856886643715688,0.7684791860473276,-0.002331885547878285,0.13335431661848426,-0.05848169560342371,0.004932882224084657,-0.3075837256050882,0.12372220854455189,1.588280934523222,-5.970061800908994e-06,0.0014747600779045863,0.00042396651083539765
9.133333333333333,cmdFullState,-0.49935776442612256,2.862275035030819,0.7661071001667255,-0.0021264497975034113,0.1206865637453791,-0.053329191246225774,0.004745134065641365,-0.28937281072841853,0.11901078871295595,1.5884141105812601,-6.327445828911822e-06,0.0014639923974989247,0.000341722023958823
9.166666666666666,cmdFullState,-0.4994438029519836,2.867142120384985,0.7639493478511655,-0.0019292904459307105,0.10878799026206533,-0.04838436497543478,0.004543240653237173,-0.27134845828220405,0.11394499847840875,1.5885288744740436,-2.2131703446111104e-06,0.001441618474081877,0.0002642587548267704
9.2,cmdFullState,-0.4995216590596344,2.871520360161192,0.7619968115812857,-0.0017409624381648856,0.09764942283947314,-0.04366111870200952,0.0043293342378769445,-0.2535692462533831,0.10857828865714717,1.588623139902767,-7.457478524901363e-06,0.0014176690093566113,0.0001912591753313006
9.233333333333333,cmdFullState,-0.4995917177692603,2.8754417736603393,0.7602398315577302,-0.0015619313217332307,0.08725927439129393,-0.03917111335602461,0.004105493569903904,-0.2360903208331217,0.10296276817229488,1.5886943043713582,-4.660791821074351e-06,0.0013920907859621252,0.0001223981888476508
9.266666666666666,cmdFullState,-0.49965438200606593,2.8789378397743737,0.7586682995364489,-0.0013925757129264337,0.0776036917558074,-0.03492383074041794,0.0038737348516160713,-0.2189633042114505,0.0971489773157242,1.588739110632266,-7.1906598315335775e-06,0.001357949350636194,5.734465440681652e-05
9.3,cmdFullState,-0.49971006896948833,2.882039404004715,0.7572717498419157,-0.00123319012624377,0.06866670688064808,-0.030926644486998917,0.0036360036627968947,-0.20223622156879645,0.09118568539584615,1.5887534653908066,-6.858460605175998e-06,0.00133086459864851,-4.236445875104572e-06
9.333333333333334,cmdFullState,-0.49975920662948964,2.88477659195761,0.7560394471935918,-0.0010839881266248342,0.0604303907145164,-0.027184899101643276,0.003394167818024407,-0.18595344638155348,0.08511971174024295,1.5887322010007736,-4.223723739351071e-06,0.0012924852431982442,-6.268062893139582e-05
9.366666666666667,cmdFullState,-0.49980223036280275,2.887178729415072,0.7549604710230373,-0.0009451057657810498,0.052875009047010646,-0.02370199612900273,0.0031500111153139,-0.17015566317366398,0.07899576903936975,1.5886687612563968,-7.442271242085023e-06,0.0012587673692686205,-0.0001183184036826223
9.4,cmdFullState,-0.49983957974039706,2.8892742690486246,0.7540237959993162,-0.0008166052656422133,0.04597917957428043,-0.020479486509716722,0.0029052279363400244,-0.15487984686100295,0.07285632803486855,1.588554786799232,-3.181948232251588e-06,0.0012203954806726627,-0.00017146613864781377
9.433333333333334,cmdFullState,-0.4998716954758975,2.891090723813198,0.7532183685187983,-0.0006984789136059167,0.03972002950409016,-0.01751716824503629,0.002661418659174521,-0.1401592578501781,0.06674150257334156,1.5883795697539913,-6.962786352197586e-06,0.001175867489459803,-0.0002224108601241595
9.466666666666667,cmdFullState,-0.4998990165432259,2.8926546070301162,0.7525331789521492,-0.0005906531359210951,0.03407335304916457,-0.01481318852496249,0.0024200858451667953,-0.12602345206818769,0.06068895406375285,1.5881293431032766,-6.650946688886584e-06,0.0011357165337859488,-0.0002713849856486003
9.5,cmdFullState,-0.4999219774703394,2.893991379141241,0.7519573294762568,-0.0004929927171508266,0.029013768192320436,-0.012364149516456334,0.0021826311622850708,-0.11249830511419975,0.054733814393930505,1.587786373621398,-4.452850970373851e-06,0.0010848318927733959,-0.000318524484226502
9.533333333333333,cmdFullState,-0.49994100581461404,2.8951254010908816,0.7514800973520914,-0.0004053051352443017,0.024514872140895663,-0.010165217048001924,0.0019503530079265088,-0.09960604973953262,0.04890862637895943,1.5873278514187683,-6.49359724100564e-06,0.0010370380924864273,-0.00036379997240595675
9.566666666666666,cmdFullState,-0.49995651982416073,2.896079894268063,0.7510909935410952,-0.0003273449833032328,0.020549394921378455,-0.008210231465782805,0.0017244447948953946,-0.08736532587675126,0.04324330083156404,1.5867246448976087,6.998483993876863e-07,0.0009831735848841307,-0.0004069042323580656
9.6,cmdFullState,-0.4999689262881672,2.8968769069191556,0.7507798165826188,-0.0002588184506540038,0.017089350597884644,-0.006491819974995791,0.0015059938649393497,-0.07579124245361185,0.03776508936189617,1.5859401828106099,-1.9005494994692558e-06,0.0009277115919141769,-0.0004470714109844464
9.633333333333333,cmdFullState,-0.49997861857822773,2.8975372869196185,0.7505367016832951,-0.00019938783733360909,0.014106185630252448,-0.00500150981732594,0.0012959809949236764,-0.06489545024240197,0.032498572031446224,1.5849301660517712,9.797855258666577e-07,0.0008753757347571853,-0.00048279460876176706
9.666666666666666,cmdFullState,-0.49998597488155594,2.8980806607737417,0.750352164995961,-0.00014867607756489029,0.01157092391902752,-0.0037298416724064172,0.0010952804614154028,-0.0546862250100705,0.027465659003123456,1.5836447300247187,3.413278331215533e-06,0.0008151665164431743,-0.0005114082796696178
9.7,cmdFullState,-0.49999135662596883,2.898525418692704,0.7502171430909881,-0.00010627124923472189,0.009454308115465129,-0.002666482707120098,0.0009046606301384325,-0.045168560249330414,0.022685605346844842,1.5820363638783235,5.0472062912552125e-06,0.0007599705961951035,-0.0005285361738961753
9.733333333333333,cmdFullState,-0.49999510709558576,2.8988887055840036,0.7501230276465597,-7.173104779748961e-05,0.007726936804919577,-0.0018003387319199652,0.0007247850374525759,-0.03634426878577798,0.018175038177301227,1.5800793051799422,9.061238854365335e-06,0.0007017289688115755,-0.0005275374762681247
9.766666666666666,cmdFullState,-0.49999755023529824,2.8991864177693416,0.7500616954066688,-4.458720440585752e-05,0.006359397201595063,-0.0011196649579203793,0.0005562139316994612,-0.02821209257086325,0.013947995317867813,1.5778074431660754,7.0895051210376285e-06,0.0006442493140328859,-0.0004994180648029141
9.8,cmdFullState,-0.49999898964123923,2.8994332052332594,0.7500255334763575,-2.434982942079132e-05,0.005322393021608177,-0.0006121748823518679,0.0003994062429492633,-0.02076781998539361,0.010015974701948076,1.5753712725833808,7.91799257640126e-06,0.0005889469308790689,-0.000434238584371602
9.833333333333334,cmdFullState,-0.49999970773370833,2.899642479191334,0.7500074600430802,-1.0511663773910638e-05,0.004586867229664998,-0.0002651468630857681,0.00025472195037263147,-0.014004409993059004,0.006387993740345882,1.5730880097335622,6.484721873240946e-06,0.000530583863288476,-0.0003253319700177011
9.866666666666667,cmdFullState,-0.4999999651082921,2.8998264247543717,0.7500009406310256,-2.5522219465648474e-06,0.004124119382368296,-6.552797530471008e-05,0.00012242481715313156,-0.007912122498299666,0.003070657900576924,1.5714151793023339,6.066933578849369e-06,0.0004783609395678973,-0.0001760348705255717
9.9,cmdFullState,-0.5000000000602582,2.8999960184538605,0.7500000000118172,5.818840766366062e-08,0.003905917318268505,-3.477502860240952e-08,2.6854635460176433e-06,-0.002478654277663767,6.823776134071465e-05,1.5707814292937674,9.00856817801161e-06,0.0004239106880955559,-4.18201299210163e-06
9.933333333333334,cmdFullState,-0.5000000282766908,2.9001610503839217,0.7499992299102953,-2.14541606277831e-06,0.0039046029712245136,-5.5250625121616365e-05,-0.00010441525062013497,0.0023107201313912443,-0.0026172461773155,1.5713457849248744,7.725339783550308e-06,0.0003708022628809878,0.0001626109158668435
9.966666666666667,cmdFullState,-0.5000002426902791,2.9003301507060355,0.7499937926580531,-8.626427299367576e-06,0.0040931921094813336,-0.00021771926956251625,-0.00019888256201180897,0.006473003185455433,-0.004985931630292619,1.5729038297649522,8.55566567434814e-06,0.00031994934508633937,0.0002999150213743301
10.0,cmdFullState,-0.5000008134881622,2.900510820254996,0.7499794209601116,-1.8850217729374444e-05,0.0044454678280625385,-0.00047403437120232373,-0.00028080388575083535,0.010027325320270807,-0.007040016295036981,1.575036623987883,6.884229237572973e-06,0.0002691028592562778,0.0003964929117221857
10.033333333333333,cmdFullState,-0.5000018882687771,2.9007094649777407,0.7499524139515756,-3.2287540948176245e-05,0.004936067646663935,-0.0008109247569273128,-0.0003503446698982433,0.012994792737553312,-0.008783653917972985,1.5773373798719341,4.608895866497162e-06,0.00022244154635388727,0.0004541057668273473
10.066666666666666,cmdFullState,-0.5000035923392447,2.9009314339309373,0.7499096297314186,-4.841775208606584e-05,0.005540564089164599,-0.0012153351421178582,-0.00040774404840237995,0.01539833255027008,-0.01022284530998554,1.5795348810052332,4.292590830231319e-06,0.00017598836373420164,0.0004812378208694805
10.1,cmdFullState,-0.500006029145468,2.9011810605584616,0.7498484745696123,-6.673183984411046e-05,0.006235538644194218,-0.0016745021335105143,-0.0004533103177612367,0.01726253582828788,-0.0113653249438575,1.5814977747745398,2.6306341432498266e-06,0.00013250563463503576,0.00048741478756176367
10.133333333333333,cmdFullState,-0.5000092808267971,2.901461706966093,0.7497668889918031,-8.67352632406288e-05,0.006998649028883994,-0.0021760253360810916,-0.000487416261958683,0.018613499071494864,-0.012220443749261132,1.5831888360827848,2.3161693539922043e-06,9.141058497044778e-05,0.00048046487998771085
10.166666666666666,cmdFullState,-0.5000134088868439,2.9017758109079512,0.7496633309525655,-0.00010795058713755842,0.007808689699978477,-0.002707933415314118,-0.0005104943495430349,0.019478664622660048,-0.0127990487035783,1.5846198637900204,1.0740892097425586e-06,5.206087368006648e-05,0.0004659395622349989
10.2,cmdFullState,-0.5000184549717962,2.90212493519725,0.7495367563140667,-0.0001299199116142645,0.008645645577915879,-0.0032587449912581455,-0.0005230318260262214,0.019886660517482214,-0.01311335979952261,1.5858224034938162,4.0830028053950454e-07,1.5614262495692212e-05,0.00044745781044762926
10.233333333333333,cmdFullState,-0.5000244417473956,2.90250981925296,0.7493865968516862,-0.00015220709122570292,0.009490738970289014,-0.0038175242650484616,-0.0005255657240909161,0.019867140254455073,-0.013176844953222886,1.58683238515998,2.2216674866527985e-08,-1.8456840800802602e-05,0.00042725020894767465
10.266666666666666,cmdFullState,-0.5000313738655934,2.902930432493798,0.749212736011829,-0.00017439974112133926,0.010326469701256932,-0.004373931302146645,-0.0005186778134022152,0.01945062295234601,-0.013004093399107143,1.587683333481126,7.792228137966273e-08,-4.982401785367337e-05,0.00040662830995379925
10.3,cmdFullState,-0.5000392390117893,2.903386029291684,0.7490154826499581,-0.00019611102791188136,0.011136648473029698,-0.004918266919353071,-0.000502989511130025,0.01866833434827004,-0.012610688100626048,1.588404026376116,-6.452258622830821e-08,-7.852837909111308e-05,0.0003863225017523915
10.333333333333334,cmdFullState,-0.5000480090234892,2.9038752051982875,0.7487955429785709,-0.00021698124405183513,0.011906423504451114,-0.005441512144747061,-0.0004791567735975606,0.017552049074514558,-0.012013077688535186,1.5890181906670302,5.626333999254495e-07,-0.00010409529622975101,0.0003667062484602653
10.366666666666667,cmdFullState,-0.5000576410711829,2.9043959541606226,0.748553990955765,-0.00023667916535811278,0.012622300509989814,-0.0059353622410567445,-0.0004478649887803823,0.016133934637443635,-0.011228448421141563,1.5895450035987608,1.0581329833501833e-06,-0.00012780690242719127,0.000347938915919332
10.4,cmdFullState,-0.5000680788922407,2.904945726444678,0.7482922373449579,-0.00025490319210679587,0.013272156100103584,-0.006392255303572733,-0.0004098238886903451,0.014446397506993888,-0.010274596643616692,1.5899998273781653,1.289459465043264e-06,-0.00014775663598157543,0.0003300547531797536
10.433333333333334,cmdFullState,-0.500079254068672,2.905521486989895,0.7480119976754438,-0.0002713822749441094,0.013845244700961452,-0.006805395463608504,-0.0003657624999874632,0.012521931710445168,-0.00916980220615784,1.5903949350856896,1.8573185340093386e-06,-0.0001663499628372883,0.0003130176161176527
10.466666666666667,cmdFullState,-0.5000910873396482,2.9061197739218105,0.7477152593317624,-0.00028587662761085956,0.01433219910790604,-0.007168770747656172,-0.00031642415047259694,0.010392970309328233,-0.007932703283469206,1.5907401415179516,8.661209916950293e-07,-0.00018202219225240228,0.00029675430781239036
10.5,cmdFullState,-0.500103489939799,2.9067367569553535,0.7474042479972959,-0.0002981782292147824,0.014725024802802814,-0.0074771656607955485,-0.0002625615484227317,0.008091740123509491,-0.006582173020725836,1.5910433203964844,7.318944383509605e-07,-0.00019474870447559422,0.0002811746925559709
10.533333333333333,cmdFullState,-0.5001163649544206,2.9073682954271676,0.7470813936742573,-0.0003081111194898891,0.015017088180558988,-0.0077261685805945345,-0.000204931951040392,0.005650120051666107,-0.005137198413867073,1.5913108161756777,-4.690965475151737e-07,-0.00020692728031477495,0.0002661836618587956
10.566666666666666,cmdFullState,-0.5001296086828929,2.9080099957017653,0.7467492964981901,-0.00031553149115845817,0.015203098844602893,-0.007912174064682647,-0.00014429243759757565,0.0030995033225454695,-0.003616761814755955,1.5915477671067277,-1.1603891279798403e-06,-0.0002145334204463001,0.0002516880908342477
10.6,cmdFullState,-0.5001431120017961,2.9086572677034424,0.7464106925603868,-0.0003203275841574437,0.015279086144992321,-0.008032380191385174,-8.139530216437653e-05,0.0004706639965761754,-0.002039725434429129,1.5917583569656677,-1.740377419668083e-06,-0.00022185209970663298,0.00023760072047328517
10.633333333333333,cmdFullState,-0.500156761719425,2.9093053803334943,0.746068419946226,-0.00032241938710871694,0.015242370146067179,-0.008084781068280072,-1.698358012141866e-05,-0.0022063719774221557,-0.00042471920034916483,1.591946010792438,-4.082861877124956e-06,-0.00022547760873303945,0.0002238421602021079
10.666666666666666,cmdFullState,-0.5001704419136489,2.909949515540511,0.7457253851913912,-0.0003217581520003507,0.015091527223186022,-0.008068154658279543,4.821327803516159e-05,-0.004902450860510284,0.0012099676937421915,1.5921135472172838,-4.3033522432758725e-06,-0.00022641795112804297,0.0002103417489309682
10.7,cmdFullState,-0.5001840352453215,2.910584820820236,0.7453845303512854,-0.00031832572860502153,0.014826350500071502,-0.007982046086838628,0.00011348357277833469,-0.007589410101780238,0.0028464912240789824,1.592263297307881,-5.680588176314915e-06,-0.0002256057200977035,0.00019703773144618097
10.733333333333333,cmdFullState,-0.5001974242397426,2.9112064599307024,0.7450488008717293,-0.0003121337256909048,0.01444780534965694,-0.007826746607167808,0.00017813734939718429,-0.010240191936113904,0.0044675526552636485,1.5923971976314388,-6.021596391332189e-06,-0.0002207909245314643,0.00018387703288555497
10.766666666666666,cmdFullState,-0.5002104925289728,2.9118096616180416,0.7447211144412589,-0.0003032225065803221,0.01395798019204974,-0.00760326841285141,0.00024151020816954634,-0.01282895135609192,0.006056494054126678,1.592516863431619,-5.134701614277777e-06,-0.00021550218000361137,0.0001708148058830305
