0.000000000000000000e+00,-1.572831371151007240e-01
3.333333333333333287e-02,-7.312373611950329089e-02
6.666666666666666574e-02,-1.794922339450394366e-02
1.000000000000000056e-01,2.466112752852874998e-02
1.333333333333333315e-01,3.404963679948359162e-02
1.666666666666666574e-01,2.023535716415768640e-02
2.000000000000000111e-01,-1.283863497116873725e-02
2.333333333333333370e-01,-1.450850135885132022e-02
2.666666666666666630e-01,-9.344233187478663202e-03
2.999999999999999889e-01,-3.752762307581554609e-03
3.333333333333333148e-01,1.210633298254017859e-02
3.666666666666666408e-01,-9.250793340770859657e-04
4.000000000000000222e-01,-2.375000232447301365e-02
4.333333333333333481e-01,-9.974311877061667678e-03
4.666666666666666741e-01,1.442494289488778329e-03
5.000000000000000000e-01,2.106569961158429732e-03
5.333333333333333259e-01,1.991107937369863273e-02
5.666666666666666519e-01,6.936355168820616292e-03
5.999999999999999778e-01,-2.769181564849330836e-03
6.333333333333333037e-01,3.095591073702383400e-02
6.666666666666666297e-01,3.081733900514132055e-02
6.999999999999999556e-01,-2.787643955125018811e-03
7.333333333333332815e-01,7.652662961984820975e-04
7.666666666666666075e-01,1.264694939030368628e-02
8.000000000000000444e-01,-4.007039453284880551e-03
8.333333333333333703e-01,-8.189203688629322769e-04
8.666666666666666963e-01,1.428520427776876905e-02
9.000000000000000222e-01,3.312693681551966141e-03
9.333333333333333481e-01,-1.169543621242923048e-02
9.666666666666666741e-01,-1.480718981101529150e-02
1.000000000000000000e+00,-1.774074711279765779e-02
1.033333333333333215e+00,-5.382763208793932552e-01
1.066666666666666652e+00,-7.965904430478680798e-01
1.100000000000000089e+00,-5.719355447764830069e-01
1.133333333333333304e+00,-2.196797671914422767e-01
1.166666666666666741e+00,-6.116416881683939960e-02
1.199999999999999956e+00,-7.903770276257220118e-02
1.233333333333333393e+00,-4.695317807275094235e-02
1.266666666666666607e+00,-1.080589486836173035e-01
1.300000000000000044e+00,-4.284077715529857611e-02
1.333333333333333259e+00,2.305718841549640047e-02
1.366666666666666696e+00,3.382126664438250829e-02
1.399999999999999911e+00,-3.596066759229321966e-03
1.433333333333333348e+00,-2.482990652787646357e-02
1.466666666666666563e+00,-2.605598721766062137e-02
1.500000000000000000e+00,4.155250572568949113e-02
1.533333333333333215e+00,1.175535034032733489e-01
1.566666666666666652e+00,7.347395545011908835e-02
1.600000000000000089e+00,8.428701305993699378e-02
1.633333333333333304e+00,-4.573135443528599658e-02
1.666666666666666741e+00,-6.440870649220212241e-02
1.699999999999999956e+00,2.686428084980429024e-02
1.733333333333333393e+00,3.822450878696974363e-02
1.766666666666666607e+00,6.151906876873140459e-03
1.800000000000000044e+00,1.245240111830109124e-02
1.833333333333333259e+00,-4.389910269398247106e-03
1.866666666666666696e+00,2.313616736029821402e-03
1.899999999999999911e+00,2.872342379750182292e-02
1.933333333333333348e+00,1.852339586886334391e-02
1.966666666666666563e+00,1.908338555858782488e-03
2.000000000000000000e+00,6.797802927523929895e-02
2.033333333333333215e+00,1.963421417777635458e-01
2.066666666666666430e+00,3.974836296632904692e-02
2.100000000000000089e+00,-9.805670761318757700e-02
2.133333333333333304e+00,-7.338045275487395380e-02
2.166666666666666519e+00,9.748816558697503964e-02
2.200000000000000178e+00,-2.217916623675045967e-02
2.233333333333333393e+00,-1.434512624436050099e-01
2.266666666666666607e+00,1.046860712702069596e-01
2.299999999999999822e+00,-4.095763002233384492e-02
2.333333333333333481e+00,-7.956253958684379735e-02
2.366666666666666696e+00,1.088571645922336018e-01
2.399999999999999911e+00,-2.968678941471391414e-02
2.433333333333333126e+00,-5.292235820767567794e-02
2.466666666666666785e+00,1.662924415820032364e-01
2.500000000000000000e+00,3.383917570543142767e-02
2.533333333333333215e+00,-6.762686615318690142e-02
2.566666666666666430e+00,-2.022463951637691604e-02
2.600000000000000089e+00,1.018357493420637624e-02
2.633333333333333304e+00,-2.995159900110693635e-02
2.666666666666666519e+00,1.233802100377542552e-02
2.700000000000000178e+00,2.538885229183078865e-02
2.733333333333333393e+00,-4.225340111315942226e-02
2.766666666666666607e+00,-1.893220267658943246e-02
2.799999999999999822e+00,6.805581112782935205e-02
2.833333333333333481e+00,-2.153299891986713149e-02
2.866666666666666696e+00,-3.160330048425130656e-02
2.899999999999999911e+00,6.946901486732896813e-02
2.933333333333333126e+00,-9.716245880465589416e-03
2.966666666666666785e+00,-4.048579803826751755e-02
3.000000000000000000e+00,1.833132180598799343e-01
3.033333333333333215e+00,-4.954259248503646573e-02
3.066666666666666430e+00,-7.200175139767551330e-03
3.100000000000000089e+00,1.185383925115340020e-01
3.133333333333333304e+00,2.284247673817359214e-04
3.166666666666666519e+00,-4.265599500134699407e-02
3.200000000000000178e+00,3.068104849026750958e-02
3.233333333333333393e+00,1.314357562494241662e-02
3.266666666666666607e+00,-1.776424103614942379e-02
3.299999999999999822e+00,-3.265755197934767234e-02
3.333333333333333481e+00,7.595568267482019631e-02
3.366666666666666696e+00,-1.230945278213969180e-01
3.399999999999999911e+00,-7.257918662235213203e-03
3.433333333333333126e+00,7.292600790812311939e-02
3.466666666666666785e+00,-1.101907464186092922e-01
3.500000000000000000e+00,1.141913075634400643e-01
3.533333333333333215e+00,5.261767236524557412e-02
3.566666666666666430e+00,-1.201480152496693377e-01
3.600000000000000089e+00,1.423915497752369641e-01
3.633333333333333304e+00,3.958823003342665237e-02
3.666666666666666519e+00,-1.060112826359371624e-01
3.699999999999999734e+00,5.972120270511525886e-02
3.733333333333333393e+00,6.345524202684912907e-02
3.766666666666666607e+00,-4.806871267171095030e-02
3.799999999999999822e+00,2.745804661888390230e-02
3.833333333333333481e+00,8.230865924471857109e-02
3.866666666666666696e+00,-1.460742605530900851e-01
3.899999999999999911e+00,4.566402791474924450e-02
3.933333333333333126e+00,9.084585917528620325e-02
3.966666666666666785e+00,-1.015679005358988696e-01
4.000000000000000000e+00,5.561844482342933466e-02
4.033333333333333215e+00,1.135760433598417413e-01
4.066666666666666430e+00,-9.549074715806910030e-02
4.099999999999999645e+00,5.488086245003651747e-02
4.133333333333332860e+00,5.221440057751884634e-02
4.166666666666666963e+00,-7.969556599506186223e-02
4.200000000000000178e+00,3.487046558398744500e-02
4.233333333333333393e+00,2.920297815090966420e-02
4.266666666666666607e+00,-3.831645696224060538e-02
4.299999999999999822e+00,-7.394814362484083969e-02
4.333333333333333037e+00,-2.985101285849218328e-02
4.366666666666666252e+00,2.076956136239756223e-02
4.400000000000000355e+00,-1.068755996807563800e-02
4.433333333333333570e+00,-1.391983348412495665e-02
4.466666666666666785e+00,-7.616215763522807269e-02
4.500000000000000000e+00,-3.645883509725984795e-02
4.533333333333333215e+00,1.412956690324762565e-02
4.566666666666666430e+00,-1.134770442783688410e-03
4.599999999999999645e+00,-6.883062050357813266e-02
4.633333333333332860e+00,-7.917151236719235929e-02
4.666666666666666963e+00,3.869685936295250150e-02
4.700000000000000178e+00,-1.046752595276302517e-01
4.733333333333333393e+00,5.934811435762585990e-02
4.766666666666666607e+00,-3.579504139138265512e-02
4.799999999999999822e+00,-8.354663934637372724e-02
4.833333333333333037e+00,1.668651808079505555e-02
4.866666666666666252e+00,-7.496747289490318655e-03
4.900000000000000355e+00,-1.966872975053106376e-01
4.933333333333333570e+00,-2.134769507279914158e-02
4.966666666666666785e+00,-8.712253412726782970e-03
5.000000000000000000e+00,8.862421235271323791e-03
5.033333333333333215e+00,-1.213678324552038834e-01
5.066666666666666430e+00,5.083305766671144393e-02
5.099999999999999645e+00,1.141163735446335849e-02
5.133333333333332860e+00,-6.412624775054977244e-02
5.166666666666666963e+00,1.866135961152468048e-03
5.200000000000000178e+00,-3.121803202010126760e-03
5.233333333333333393e+00,-6.825545605698699059e-02
5.266666666666666607e+00,1.026119753380442812e-01
5.299999999999999822e+00,-8.305575899891722014e-02
5.333333333333333037e+00,-3.975640729588481026e-02
5.366666666666666252e+00,1.951346214150227742e-02
5.400000000000000355e+00,2.813525728430061809e-02
5.433333333333333570e+00,-3.675265451202589656e-02
5.466666666666666785e+00,1.716426001458675257e-02
5.500000000000000000e+00,-6.458916997085593914e-02
5.533333333333333215e+00,-1.512468026073947314e-02
5.566666666666666430e+00,3.233386745449895461e-02
5.599999999999999645e+00,3.858390412410599157e-02
5.633333333333332860e+00,-3.777510007929590907e-02
5.666666666666666963e+00,7.303785761054258641e-02
5.700000000000000178e+00,-1.662391421783147860e-02
5.733333333333333393e+00,-2.616091176112573732e-02
5.766666666666666607e+00,1.774638072209664547e-02
5.799999999999999822e+00,9.135425484292589160e-02
5.833333333333333037e+00,-1.716845372992934632e-02
5.866666666666666252e+00,-1.298859848891213697e-02
5.900000000000000355e+00,5.013273184043870456e-02
5.933333333333333570e+00,-1.351512102217616862e-02
5.966666666666666785e+00,3.211206174164671356e-02
6.000000000000000000e+00,1.775744777989577139e-01
6.033333333333333215e+00,-1.425217672616083675e-01
6.066666666666666430e+00,1.171630045379268639e-02
6.099999999999999645e+00,3.734790612252521236e-02
6.133333333333332860e+00,-2.544386137999950226e-02
6.166666666666666963e+00,-4.833762652570238599e-02
6.200000000000000178e+00,5.978441002045986608e-02
6.233333333333333393e+00,-5.808374936786244586e-02
6.266666666666666607e+00,7.532781519546637161e-02
6.299999999999999822e+00,7.114358538721557434e-02
6.333333333333333037e+00,-5.869481133193375777e-02
6.366666666666666252e+00,4.387318040427995447e-02
6.400000000000000355e+00,6.506541545107097368e-02
6.433333333333333570e+00,-8.995710067586404346e-02
6.466666666666666785e+00,4.780276278478817059e-02
6.500000000000000000e+00,-7.880237412909427142e-02
6.533333333333333215e+00,1.082215138195857101e-01
6.566666666666666430e+00,-3.724409944399777878e-02
6.599999999999999645e+00,-3.310598578099446885e-03
6.633333333333332860e+00,2.657414306077023058e-02
6.666666666666666963e+00,-6.608032665557816987e-02
6.700000000000000178e+00,-7.828128475094482674e-02
6.733333333333333393e+00,4.742693186634654168e-02
6.766666666666666607e+00,-4.871516626579198983e-02
6.799999999999999822e+00,-3.067289618821421315e-02
6.833333333333333037e+00,4.218509353390270666e-02
6.866666666666666252e+00,-6.848863758202580754e-02
6.899999999999999467e+00,-2.090425848382421181e-02
6.933333333333333570e+00,2.527190118568161184e-02
6.966666666666666785e+00,-6.556472187468909141e-05
7.000000000000000000e+00,-1.384552714534696000e-02
7.033333333333333215e+00,3.698459867111572597e-02
7.066666666666666430e+00,-4.571319114535093986e-02
7.099999999999999645e+00,-4.075425897814709264e-02
7.133333333333332860e+00,9.272869299051939018e-03
7.166666666666666963e+00,-7.200893650301605498e-02
7.200000000000000178e+00,-5.227642065635361435e-02
7.233333333333333393e+00,3.509060432699634413e-02
7.266666666666666607e+00,-3.271689701287223973e-03
7.299999999999999822e+00,8.431523342153170175e-03
7.333333333333333037e+00,-2.700178248226277333e-02
7.366666666666666252e+00,-1.199910441788941406e-02
7.399999999999999467e+00,-4.586869363350933038e-02
7.433333333333333570e+00,-6.586114775883900041e-02
7.466666666666666785e+00,-4.709359107914364018e-02
7.500000000000000000e+00,-7.897037216002154858e-02
7.533333333333333215e+00,3.693391005591668830e-02
7.566666666666666430e+00,6.616382574661378024e-03
7.599999999999999645e+00,-4.043887164333415107e-02
7.633333333333332860e+00,-1.299785484505055350e-02
7.666666666666666963e+00,4.521124552400718200e-02
7.700000000000000178e+00,8.418238052787546666e-03
7.733333333333333393e+00,-4.599170580851155016e-02
7.766666666666666607e+00,4.055985896715368078e-02
7.799999999999999822e+00,-1.239196001531554792e-02
7.833333333333333037e+00,-1.773978369033264724e-03
7.866666666666666252e+00,4.097776443943765973e-02
7.899999999999999467e+00,-9.218734021920976796e-02
7.933333333333333570e+00,4.835416026570581172e-02
7.966666666666666785e+00,7.177881417218069660e-03
8.000000000000000000e+00,2.623068493966644599e-03
8.033333333333333215e+00,-1.806542088730275775e-02
8.066666666666666430e+00,1.408324826934871654e-02
8.099999999999999645e+00,-6.051785117293781435e-02
8.133333333333332860e+00,-1.332746099794976935e-01
8.166666666666666075e+00,9.491804909191978168e-03
8.199999999999999289e+00,-2.173338850299658814e-02
8.233333333333332504e+00,-8.905503620856863867e-02
8.266666666666665719e+00,5.889576287265757548e-02
8.300000000000000711e+00,-6.167320257481524737e-02
8.333333333333333925e+00,-1.600536624075190040e-01
8.366666666666667140e+00,-1.344010033274572469e-01
8.400000000000000355e+00,-4.592856263940885142e-02
8.433333333333333570e+00,-1.017786061625817889e-01
8.466666666666666785e+00,-2.693835146558559712e-01
8.500000000000000000e+00,6.539509451671875195e-02
8.533333333333333215e+00,-3.786885017749103133e-02
8.566666666666666430e+00,-2.964422082615485177e-02
8.599999999999999645e+00,-4.372398751743408751e-02
8.633333333333332860e+00,-9.102727246891689772e-02
8.666666666666666075e+00,-7.537832690798965118e-02
8.699999999999999289e+00,7.296335044129431679e-02
8.733333333333332504e+00,-1.340937408189788460e-01
8.766666666666665719e+00,8.464429775117615629e-02
8.800000000000000711e+00,5.803761945179761877e-03
8.833333333333333925e+00,-6.988837300009877185e-02
8.866666666666667140e+00,7.853544522853458942e-02
8.900000000000000355e+00,-3.777688425299396968e-02
8.933333333333333570e+00,-6.928432843165681365e-02
8.966666666666666785e+00,4.188441146373498430e-02
9.000000000000000000e+00,-3.971071843890951192e-02
9.033333333333333215e+00,4.566957008686594460e-02
9.066666666666666430e+00,4.149619199631930655e-02
9.099999999999999645e+00,-1.564169826212778551e-03
9.133333333333332860e+00,-6.199646975881068639e-02
9.166666666666666075e+00,5.478435460052946682e-02
9.199999999999999289e+00,1.774934221985921545e-03
9.233333333333332504e+00,-5.446613487385931068e-02
9.266666666666665719e+00,8.665459200244010618e-02
9.300000000000000711e+00,1.505773190639478343e-03
9.333333333333333925e+00,-9.427475121274378478e-02
9.366666666666667140e+00,1.036580972654288502e-02
9.400000000000000355e+00,4.682191215812596397e-02
9.433333333333333570e+00,-3.732106608625616884e-02
9.466666666666666785e+00,-6.966285796703307331e-02
9.500000000000000000e+00,8.017862364493769101e-02
9.533333333333333215e+00,-1.791785350365152074e-02
9.566666666666666430e+00,8.252912450705052194e-02
9.599999999999999645e+00,7.526682151887908317e-03
9.633333333333332860e+00,-5.957024382275824537e-02
9.666666666666666075e+00,5.774931422041236495e-02
9.699999999999999289e+00,4.770717722357380175e-02
9.733333333333332504e+00,-5.518157779907142957e-02
9.766666666666665719e+00,4.320984301256522442e-02
9.800000000000000711e+00,2.552696120081778333e-02
9.833333333333333925e+00,-9.404498740356992403e-02
9.866666666666667140e+00,2.126274116232801381e-02
9.900000000000000355e+00,6.138932741383659047e-02
9.933333333333333570e+00,-5.215398743362135991e-02
9.966666666666666785e+00,-3.216887061915772034e-02
1.000000000000000000e+01,1.022617543285584685e-01
1.003333333333333321e+01,-5.267927875872467636e-02
1.006666666666666643e+01,5.321686279149480392e-02
1.009999999999999964e+01,2.599258232947458669e-02
1.013333333333333286e+01,-8.795148245310185908e-02
1.016666666666666607e+01,6.781957017026038481e-02
1.019999999999999929e+01,8.103537119961193302e-02
1.023333333333333250e+01,6.319639822902043541e-03
1.026666666666666572e+01,7.170279664757954474e-02
1.030000000000000071e+01,2.209020029286384856e-02
1.033333333333333393e+01,-1.137513786863862120e-01
1.036666666666666714e+01,2.063346461928792022e-02
1.040000000000000036e+01,7.524496968260277474e-02
1.043333333333333357e+01,-7.048980757725115120e-02
1.046666666666666679e+01,-6.450263236640746412e-02
1.050000000000000000e+01,1.066344492867178639e-01
1.053333333333333321e+01,-8.161578605633811045e-02
1.056666666666666643e+01,6.423078977441508408e-02
1.059999999999999964e+01,-6.530707945503856637e-02
1.063333333333333286e+01,-5.484409060885896137e-02
1.066666666666666607e+01,-3.509452110739493674e-03
1.069999999999999929e+01,9.989439470564301371e-02
1.073333333333333250e+01,-2.138515097372899881e-02
1.076666666666666572e+01,5.804608844072361995e-02
1.080000000000000071e+01,6.688988627785642793e-03
1.083333333333333393e+01,-2.303376539156460831e-02
1.086666666666666714e+01,-1.665602372993764315e-03
1.090000000000000036e+01,5.090706398511770508e-02
1.093333333333333357e+01,-8.334376540540043565e-02
1.096666666666666679e+01,-2.261280753960209083e-02
1.100000000000000000e+01,6.490219406131053637e-02
1.103333333333333321e+01,-1.726464577436951850e-02
1.106666666666666643e+01,1.089464666305084151e-01
1.109999999999999964e+01,-1.569783329202077346e-02
1.113333333333333286e+01,-7.492991939024487569e-02
1.116666666666666607e+01,1.682141657414679137e-01
1.119999999999999929e+01,7.135146725193844408e-03
1.123333333333333250e+01,-4.481336901980067372e-02
1.126666666666666572e+01,3.956587062272404198e-02
1.130000000000000071e+01,-8.507166383947349642e-03
1.133333333333333393e+01,-8.724384626833504852e-02
1.136666666666666714e+01,2.877191291022381664e-02
1.140000000000000036e+01,7.786474999505582639e-02
1.143333333333333357e+01,-9.231026635530670266e-02
1.146666666666666679e+01,-2.059423722348101282e-02
1.150000000000000000e+01,1.526442416553228654e-01
1.153333333333333321e+01,-8.515116876068754004e-02
1.156666666666666643e+01,1.741714323412939247e-02
1.159999999999999964e+01,3.984210659638909996e-02
1.163333333333333286e+01,-5.235685473247064098e-02
1.166666666666666607e+01,-3.023924112908026995e-04
1.169999999999999929e+01,7.272224422388223752e-02
1.173333333333333250e+01,-6.825855575026661126e-02
1.176666666666666572e+01,8.234485852956344165e-02
1.180000000000000071e+01,3.367907171504520847e-02
1.183333333333333393e+01,-2.567911216159656299e-02
1.186666666666666714e+01,2.695439957720577318e-02
1.190000000000000036e+01,3.637218853741366886e-02
1.193333333333333357e+01,-1.325632924805977275e-01
1.196666666666666679e+01,1.079987366953562289e-03
1.200000000000000000e+01,2.483521739505429801e-02
1.203333333333333321e+01,-4.676940976340892425e-02
1.206666666666666643e+01,6.475037691171604826e-02
1.209999999999999964e+01,9.468410163931316459e-03
1.213333333333333286e+01,-5.529474490807276266e-02
1.216666666666666607e+01,4.936181722880152167e-02
1.219999999999999929e+01,1.852138001292095992e-02
1.223333333333333250e+01,-9.281556588821793241e-02
1.226666666666666572e+01,1.141607304002106027e-01
1.230000000000000071e+01,-1.853562480786351968e-02
1.233333333333333393e+01,-2.846608544374779753e-02
1.236666666666666714e+01,6.240583852783046503e-02
1.240000000000000036e+01,5.849522753950074649e-02
1.243333333333333357e+01,-1.091763411384648330e-01
1.246666666666666679e+01,-4.427827264997068191e-04
1.250000000000000000e+01,-4.280917241111265037e-02
1.253333333333333321e+01,4.392657439316614842e-02
1.256666666666666643e+01,1.080235398826987492e-01
1.259999999999999964e+01,-1.529319210978638890e-02
1.263333333333333286e+01,-1.039090693227491258e-01
1.266666666666666607e+01,1.343503493162972497e-02
1.269999999999999929e+01,8.884784369584600161e-02
1.273333333333333250e+01,-6.802622141312292259e-02
1.276666666666666572e+01,8.788253967972968483e-02
1.280000000000000071e+01,2.320270307840499591e-02
1.283333333333333393e+01,-4.587364239587660847e-02
1.286666666666666714e+01,1.960479238714191164e-02
1.290000000000000036e+01,1.766195527585971703e-02
1.293333333333333357e+01,-8.082786379586820447e-02
1.296666666666666679e+01,-3.111233761339885981e-02
1.300000000000000000e+01,1.220044032705513287e-01
1.303333333333333321e+01,-2.181266787822839365e-02
1.306666666666666643e+01,6.961735201708908749e-02
1.309999999999999964e+01,-7.745218609560289291e-03
1.313333333333333286e+01,-7.311989193137072296e-02
1.316666666666666607e+01,2.987487498112482986e-02
1.319999999999999929e+01,1.567451168641848247e-01
1.323333333333333250e+01,-1.772794873094392376e-02
1.326666666666666572e+01,-2.654408891862915232e-02
1.329999999999999893e+01,2.580220436656576952e-02
1.333333333333333393e+01,-6.227848110850367491e-02
1.336666666666666714e+01,-2.879089686221214528e-02
1.340000000000000036e+01,3.000890100695733503e-02
1.343333333333333357e+01,-3.443125454567930871e-02
1.346666666666666679e+01,-5.945691277041546818e-02
1.350000000000000000e+01,8.491503555525417579e-02
1.353333333333333321e+01,-4.672394978653020975e-02
1.356666666666666643e+01,3.091039617868703709e-02
1.359999999999999964e+01,4.908278345562021999e-03
1.363333333333333286e+01,-3.856068851494761501e-02
1.366666666666666607e+01,-1.740266127287576001e-02
1.369999999999999929e+01,7.309997911064775034e-02
1.373333333333333250e+01,-3.008028120708509945e-02
1.376666666666666572e+01,9.261175044527428235e-02
1.379999999999999893e+01,7.604288457013129443e-03
1.383333333333333393e+01,-2.276932822524333627e-02
1.386666666666666714e+01,-3.070464432166995078e-02
1.390000000000000036e+01,2.492228799510012860e-05
1.393333333333333357e+01,2.601023935716105517e-02
1.396666666666666679e+01,-8.593642562506405291e-02
1.400000000000000000e+01,1.474522219980006488e-01
1.403333333333333321e+01,-9.226818047995302696e-02
1.406666666666666643e+01,3.658338384714281827e-02
1.409999999999999964e+01,-5.610887378793668473e-02
1.413333333333333286e+01,-3.976723026166877756e-02
1.416666666666666607e+01,4.768473170492089352e-02
1.419999999999999929e+01,1.183636832346419560e-01
1.423333333333333250e+01,3.149326281481701351e-02
1.426666666666666572e+01,-7.150486651259788107e-02
1.429999999999999893e+01,5.421005600098995070e-02
1.433333333333333393e+01,-3.103964064435764392e-02
1.436666666666666714e+01,-3.538799395172166629e-02
1.440000000000000036e+01,1.445853804922135055e-01
1.443333333333333357e+01,-6.446514073853661098e-02
1.446666666666666679e+01,2.928423094139882138e-02
1.450000000000000000e+01,1.036086867080321522e-01
1.453333333333333321e+01,-6.685388083295187855e-02
1.456666666666666643e+01,6.122584641614629841e-03
1.459999999999999964e+01,1.620193600680614604e-02
1.463333333333333286e+01,-7.301416962586240733e-02
1.466666666666666607e+01,2.082753066861308539e-02
1.469999999999999929e+01,1.013269781794211288e-01
1.473333333333333250e+01,5.957714345972239811e-03
1.476666666666666572e+01,7.988329114562650601e-02
1.479999999999999893e+01,1.461682928578535504e-02
1.483333333333333393e+01,-9.906371038128368445e-02
1.486666666666666714e+01,1.224961656683531963e-02
1.490000000000000036e+01,1.768214013023999831e-02
1.493333333333333357e+01,-1.171020633576950465e-01
1.496666666666666679e+01,-7.349007788840150601e-03
1.500000000000000000e+01,1.664060835423519513e-01
1.503333333333333321e+01,-3.998893077754990533e-02
1.506666666666666643e+01,1.229755518404810344e-01
1.509999999999999964e+01,2.604719445977492220e-02
1.513333333333333286e+01,2.022374729071765159e-02
1.516666666666666607e+01,5.063163716891039973e-02
1.519999999999999929e+01,1.049057057071178800e-01
1.523333333333333250e+01,-1.506235220316298196e-01
1.526666666666666572e+01,9.413018433659198214e-02
1.529999999999999893e+01,-1.870963554610485802e-03
1.533333333333333393e+01,-5.059593630131878350e-02
1.536666666666666714e+01,4.496200456774916698e-02
1.540000000000000036e+01,-6.735959665707948185e-02
1.543333333333333357e+01,-9.849997568098824152e-02
1.546666666666666679e+01,-4.436225971205082219e-02
1.550000000000000000e+01,1.001362229614632254e-01
1.553333333333333321e+01,-5.280484199794267808e-02
1.556666666666666643e+01,4.035518027524414436e-02
1.559999999999999964e+01,6.751263781198713065e-02
1.563333333333333286e+01,-6.435148513284555394e-02
1.566666666666666607e+01,1.515865956500069001e-02
1.569999999999999929e+01,1.573757776892565144e-02
1.573333333333333250e+01,-2.219380831132641146e-02
1.576666666666666572e+01,9.545172343609290011e-02
1.579999999999999893e+01,3.749194679921525469e-02
1.583333333333333393e+01,-3.037113762500601860e-03
1.586666666666666714e+01,5.683771726236680477e-02
1.590000000000000036e+01,4.257521819857738865e-02
1.593333333333333357e+01,-1.102111898677144708e-01
1.596666666666666679e+01,-2.174242567147831318e-02
1.600000000000000000e+01,9.882323810476340009e-02
1.603333333333333144e+01,3.403287245546851580e-02
1.606666666666666643e+01,4.851595739698612297e-02
1.610000000000000142e+01,-9.543542280607683614e-02
1.613333333333333286e+01,4.340706121810129076e-02
1.616666666666666785e+01,5.404425867985324095e-02
1.619999999999999929e+01,-6.651602142586404698e-02
1.623333333333333428e+01,-2.379097676695859226e-02
1.626666666666666572e+01,-5.469588327917945109e-02
1.630000000000000071e+01,1.404085505302294923e-01
1.633333333333333215e+01,1.067194146660745968e-01
1.636666666666666714e+01,-3.263311963601793486e-02
1.639999999999999858e+01,-7.535046068246775697e-02
1.643333333333333357e+01,6.106813014938961004e-02
1.646666666666666501e+01,2.328268257013497988e-02
1.650000000000000000e+01,-8.621939980156624606e-02
1.653333333333333144e+01,6.122485745818348479e-02
1.656666666666666643e+01,-3.106374036771940295e-02
1.660000000000000142e+01,-6.495888004902224122e-02
1.663333333333333286e+01,1.107179384848558240e-01
1.666666666666666785e+01,-3.065589502416094306e-02
1.669999999999999929e+01,-3.982285122958578033e-02
1.673333333333333428e+01,-2.348129503928771122e-03
1.676666666666666572e+01,-7.011697981045877937e-02
1.680000000000000071e+01,1.112510449824774261e-01
1.683333333333333215e+01,4.873402879061380227e-02
1.686666666666666714e+01,-7.912000025298214501e-02
1.689999999999999858e+01,-1.049430725095163927e-02
1.693333333333333357e+01,6.156852089018930579e-02
1.696666666666666501e+01,4.738788258207327075e-02
1.700000000000000000e+01,5.000528817040452399e-03
1.703333333333333144e+01,-2.570757857881445646e-02
1.706666666666666643e+01,7.326408877437552702e-02
1.710000000000000142e+01,5.651714717668832738e-02
1.713333333333333286e+01,6.083786437721480644e-02
1.716666666666666785e+01,-9.067325203440203263e-02
1.719999999999999929e+01,3.527771736481093851e-02
1.723333333333333428e+01,-3.431151122450162155e-02
1.726666666666666572e+01,-3.261575638399891175e-02
1.730000000000000071e+01,-4.490907337426619517e-02
1.733333333333333215e+01,-3.773270048914742492e-02
1.736666666666666714e+01,-8.804434630855083321e-03
1.739999999999999858e+01,1.158930086987162988e-01
1.743333333333333357e+01,-7.896746724985026500e-03
1.746666666666666501e+01,-7.164523028864711041e-02
1.750000000000000000e+01,-3.628755732493562508e-02
1.753333333333333144e+01,-5.756613521751317158e-02
1.756666666666666643e+01,9.535695708931465897e-03
1.760000000000000142e+01,8.669632480286210141e-02
1.763333333333333286e+01,-1.279288024285840132e-02
1.766666666666666785e+01,-9.693386988902261137e-02
1.769999999999999929e+01,1.243791389283213367e-01
1.773333333333333428e+01,3.163314582795412333e-02
1.776666666666666572e+01,8.971339156486873856e-02
1.780000000000000071e+01,-1.179212853964280300e-01
1.783333333333333215e+01,-5.428446540308018431e-02
1.786666666666666714e+01,8.525512625659012467e-02
1.789999999999999858e+01,5.934707407431634441e-03
1.793333333333333357e+01,-4.630220533351639411e-02
1.796666666666666501e+01,-2.358239191091621861e-02
1.800000000000000000e+01,8.957405812347411789e-02
1.803333333333333144e+01,-4.698718279362913697e-02
1.806666666666666643e+01,5.956255644157416873e-02
1.810000000000000142e+01,7.644321065404788285e-02
1.813333333333333286e+01,-9.958697427358537135e-02
1.816666666666666785e+01,2.813264551007410227e-02
1.819999999999999929e+01,6.163080551116412176e-02
1.823333333333333428e+01,-1.493836726164297912e-02
1.826666666666666572e+01,7.366454522449789044e-02
1.830000000000000071e+01,-2.462654020241556926e-02
1.833333333333333215e+01,1.961235509216212314e-01
1.836666666666666714e+01,-5.757659788381325194e-02
1.839999999999999858e+01,9.560657283929974160e-02
1.843333333333333357e+01,1.631178961552459672e-03
1.846666666666666501e+01,6.053999291572200597e-02
1.850000000000000000e+01,-4.246922661308070307e-02
1.853333333333333144e+01,-3.377566512255443520e-02
1.856666666666666643e+01,-2.087972996494130706e-04
1.860000000000000142e+01,1.545425085503126378e-02
1.863333333333333286e+01,-7.729740288286712779e-02
1.866666666666666785e+01,8.796079300707897175e-02
1.869999999999999929e+01,-4.128825606011239657e-02
1.873333333333333428e+01,-4.307049876855414960e-03
1.876666666666666572e+01,-1.916390076942419557e-02
1.880000000000000071e+01,-1.885270994416922419e-02
1.883333333333333215e+01,9.578524951570527302e-02
1.886666666666666714e+01,1.128385999425247227e-02
1.889999999999999858e+01,-1.070830098919516027e-01
1.893333333333333357e+01,-4.729155452926597780e-03
1.896666666666666501e+01,8.581812983262900041e-02
1.900000000000000000e+01,-5.146926481939702314e-02
1.903333333333333144e+01,8.042113502836442662e-02
1.906666666666666643e+01,7.679297938198464957e-03
1.910000000000000142e+01,-3.806814181210557702e-02
1.913333333333333286e+01,3.192408441475226566e-02
1.916666666666666785e+01,9.677964571068943533e-02
1.919999999999999929e+01,-1.159559756057019081e-01
1.923333333333333428e+01,-7.045631513717218186e-03
1.926666666666666572e+01,-4.142468122911945050e-02
1.930000000000000071e+01,4.698574688804309923e-02
1.933333333333333215e+01,1.106439205253021141e-01
1.936666666666666714e+01,1.706970840926355995e-02
1.939999999999999858e+01,-1.043672651174449295e-01
1.943333333333333357e+01,1.401047454154161556e-02
1.946666666666666501e+01,2.841770439877814095e-02
1.950000000000000000e+01,-9.169235952113283239e-02
1.953333333333333144e+01,5.760712970210359052e-02
1.956666666666666643e+01,-4.137513092130393200e-02
1.960000000000000142e+01,-1.056153770357912414e-01
1.963333333333333286e+01,6.453905204225923731e-02
1.966666666666666785e+01,-9.261019412056877009e-03
1.969999999999999929e+01,-4.674177761333554032e-02
1.973333333333333428e+01,3.282412100417812784e-02
1.976666666666666572e+01,-2.898902049629318786e-02
1.980000000000000071e+01,9.328068366970512781e-02
1.983333333333333215e+01,7.139329390060691893e-03
1.986666666666666714e+01,-7.734536774203540355e-02
1.989999999999999858e+01,1.246977843546545617e-02
1.993333333333333357e+01,7.919324386217461986e-02
1.996666666666666501e+01,-3.617393128820749898e-02
2.000000000000000000e+01,8.393981700757245645e-03
2.003333333333333144e+01,8.052297337662482624e-02
2.006666666666666643e+01,-3.667241168803969664e-02
2.010000000000000142e+01,-2.145934641818152827e-03
2.013333333333333286e+01,1.238403321966909248e-01
2.016666666666666785e+01,-8.081388608531760165e-02
2.019999999999999929e+01,-2.848123052620542620e-02
2.023333333333333428e+01,1.778305580424191859e-02
2.026666666666666572e+01,4.937446432955454323e-03
2.030000000000000071e+01,6.514775379963595736e-02
2.033333333333333215e+01,-2.952217627204628894e-02
2.036666666666666714e+01,-7.184339216551094420e-02
2.039999999999999858e+01,3.979799073280644583e-02
2.043333333333333357e+01,4.362629626229692220e-02
2.046666666666666501e+01,-9.454203546123713525e-03
2.050000000000000000e+01,-8.605995598157542559e-02
2.053333333333333144e+01,-1.280490190961992153e-02
2.056666666666666643e+01,-4.690211681886328338e-02
2.060000000000000142e+01,8.658544985998607724e-02
2.063333333333333286e+01,2.695437022542780670e-02
2.066666666666666785e+01,-6.453483662578235469e-02
2.069999999999999929e+01,4.526550501865514442e-02
2.073333333333333428e+01,7.474164137954686371e-02
2.076666666666666572e+01,-1.489738136907711730e-02
2.080000000000000071e+01,-3.468243089488950992e-02
2.083333333333333215e+01,-2.593213375356701739e-02
2.086666666666666714e+01,-5.024685140582345333e-02
2.089999999999999858e+01,1.150301155761132565e-01
2.093333333333333357e+01,2.340300890593519784e-02
2.096666666666666501e+01,-3.752511507983189581e-02
2.100000000000000000e+01,7.974365644047155810e-02
2.103333333333333144e+01,-1.989831078580714396e-02
2.106666666666666643e+01,3.689014257563932864e-02
2.110000000000000142e+01,5.103493519155664904e-02
2.113333333333333286e+01,-7.010456004205034564e-02
2.116666666666666785e+01,-2.181960946311240282e-02
2.119999999999999929e+01,5.251354137240485387e-02
2.123333333333333428e+01,-4.900144419748370811e-02
2.126666666666666572e+01,9.478129403550974996e-02
2.130000000000000071e+01,-5.160816010132884823e-02
2.133333333333333215e+01,-8.113962836269791867e-02
2.136666666666666714e+01,7.682642090563583659e-02
2.139999999999999858e+01,2.012725099899936865e-02
2.143333333333333357e+01,-4.631237280814306384e-02
2.146666666666666501e+01,3.678907680976947064e-02
2.150000000000000000e+01,4.385759962311962940e-02
2.153333333333333144e+01,-4.310516211336760245e-02
2.156666666666666643e+01,6.689972445094803655e-02
2.160000000000000142e+01,7.725807366010918956e-03
2.163333333333333286e+01,-6.238943879546601790e-02
2.166666666666666785e+01,-9.551445211141429414e-04
2.169999999999999929e+01,9.039813156786441484e-02
2.173333333333333428e+01,-6.879311238855932709e-02
2.176666666666666572e+01,1.401552553553592033e-02
